paper,reviewer
tcos/Yanagisawa09,Etsuji Yamaguchi
tlsdkcs/BaFD16,Etsuji Yamaguchi
tcos/SherstyukK14,Etsuji Yamaguchi
topnoc/MansARBMLJ09,Sören Auer
taosd/KienzleAFJK10,Sören Auer
tedu/Meyer09,Sören Auer
tdhms/EchizenYG15,Volker Dürr
topnoc/BrogiCSW16,Volker Dürr
topnoc/LohmannVD09,Volker Dürr
tlsdkcs/EndrisGLMVA18,Hyunseung Choo
trs/Mani16,Hyunseung Choo
tcos/RoyB18,Hyunseung Choo
jgtools/Pfeifle12,Michel Auguin
tplop/Saridakis09,Michel Auguin
tcos/ElbakryEE09,Michel Auguin
tlsdkcs/Thalheim12a,Mattia Monga
tcci/DinhA14,Mattia Monga
jods/JaudoinFPT09,Mattia Monga
tcci/JonkerSTWW10,Kiyoshi Kiyokawa
tedu/HuangH15,Kiyoshi Kiyokawa
tcci/Kubik11,Kiyoshi Kiyokawa
tcos/HouLLLSMW16,Zi'ang Ding
tcci/Kyriazis19,Zi'ang Ding
tlsdkcs/MarquesuzaaELNL16,Zi'ang Ding
tcos/RegazzoniEPGGMDPPLI09,Joshua Chua
tcos/MiocAGM10,Joshua Chua
trs/JiaS14,Joshua Chua
jgtools/McEwanSRG12,Héctor Perez Martínez
jods/CookeGN05,Héctor Perez Martínez
tcos/MiocAGM10,Héctor Perez Martínez
tcsb/BreitlingDGH10,William Kokou Dedzoe
trs/Gomolinska10,William Kokou Dedzoe
tcsb/GomezAPGJV05,William Kokou Dedzoe
tcos/ZhangJZZ09,Djamel-Eddine Saïdouni
tcci/Takahashi12,Djamel-Eddine Saïdouni
topnoc/WestergaardK12,Djamel-Eddine Saïdouni
taosd/WhittleJEMA09,Antonio Manzalini
tedu/FanWCPS12,Antonio Manzalini
tlsdkcs/SaririSKAG16,Antonio Manzalini
topnoc/PhawadeL15,Salma Mouline
tcos/NakataS08,Salma Mouline
tlsdkcs/LeDTN14,Salma Mouline
tlsdkcs/SouzaPKTS11,Kashi Nath Dey
tedu/WangW17,Kashi Nath Dey
jods/MecellaSVBCB03,Kashi Nath Dey
tcos/HarrisonMS12,Luke Olsen
trs/KhanB10,Luke Olsen
trs/BazanBPBSD15,Luke Olsen
tcci/OrlowskiZOKSP16,Hai-Long Nguyen
taosd/FilhoAB16,Hai-Long Nguyen
tcsb/GomezAPGJV05,Hai-Long Nguyen
thipeac/KhanK11,Bin Hu
tcos/LiuHSB16,Bin Hu
tcos/KantiTB17,Bin Hu
tcci/CalzarossaVMNT19,Reouven Elbaz
tdhms/LiuC15,Reouven Elbaz
trs/HenryR13,Reouven Elbaz
tcsb/ChopraB08,Elisabeth Remy
tcos/WangWAZJSZ16,Elisabeth Remy
tedu/LinL09,Elisabeth Remy
taosd/AxelsenSKM12,Dogan Aydin
topnoc/0001DJ13,Dogan Aydin
tcci/Chiu13,Dogan Aydin
tcci/BitontoLRR12,Suan Lee
tedu/Koppe13,Suan Lee
tcos/NavratS13,Suan Lee
tlsdkcs/MichelFM19,Thomas Ziebermayr
tcos/CastroCMD08,Thomas Ziebermayr
tcos/SibaiK09,Thomas Ziebermayr
tcci/JankowskaS13,Haitham Yaish
topnoc/DedovaP13,Haitham Yaish
jgtools/Jacobson13,Haitham Yaish
tcci/KonradyST16,Frederic T. Chong
tcos/Wang08b,Frederic T. Chong
tcci/PhamCT14,Frederic T. Chong
jods/TournairePRT11,Cuiru Wang
tcsb/KuttlerLN10,Cuiru Wang
tcsb/ShenhavSLK05,Cuiru Wang
tlsdkcs/BahiHHK13,Sushmita Mitra
tlsdkcs/KalischBR16,Sushmita Mitra
tdhms/YampolskiyMH14,Sushmita Mitra
tedu/LiZ18,Ma. De los Ángeles Buenabad Arias
trs/TsangZ10,Ma. De los Ángeles Buenabad Arias
tcci/Alor-HernandezAJPRMBG10,Ma. De los Ángeles Buenabad Arias
tcos/CortesiFHZ18,Evis Trandafili
tedu/NingXZL11,Evis Trandafili
tedu/Hu08,Evis Trandafili
jgtools/Frisvad12,Sriparna Saha 0001
tedu/HeCZ11,Sriparna Saha 0001
tcci/MarinheiroC18,Sriparna Saha 0001
topnoc/BernardinelloKMP14,Heri Ramampiaro
tcos/IglesiasGC16,Heri Ramampiaro
tplop/KolfschotenBL11,Heri Ramampiaro
tlsdkcs/GrabockaS15,Michael Neff
tcos/ProtoABOC10,Michael Neff
tedu/ShaoJS11,Michael Neff
topnoc/MaissaKMT13,R. Pandiyarajan
jods/DasiopoulouKS09,R. Pandiyarajan
trs/PrasadR14,R. Pandiyarajan
tcci/IliadisADS18,Jan Martijn E. M. van der Werf
taosd/SampaioRCR07,Jan Martijn E. M. van der Werf
tdhms/CaoK12,Jan Martijn E. M. van der Werf
tcos/FuHI13,Wiem Abdelbaki
tlsdkcs/HartogDGL15,Wiem Abdelbaki
tcos/HouS11,Wiem Abdelbaki
tlsdkcs/CarvalhoFGP16,Valeriu Beiu
tcos/FrolovVKG13,Valeriu Beiu
jods/ParsonsW03,Valeriu Beiu
tedu/LvWGPS13,David May 0004
tcos/YenCZL10,David May 0004
trs/Ramanna10,David May 0004
trs/BlaszczynskiSS10,Yannis Tzitzikas
tcci/UrbanoRO11,Yannis Tzitzikas
tcsb/RadulescuSPCL11,Yannis Tzitzikas
trs/Mani08,Desheng Lv
tedu/LinWAS12,Desheng Lv
tcci/IvanovicIVB18,Desheng Lv
tdhms/SubramanyamE11,Niveditha Devarajan
tlsdkcs/MahboubiAV19,Niveditha Devarajan
tcos/Balint-KurtiBGGHNS10,Niveditha Devarajan
tedu/Kutay13,Tomas Trescak
taosd/GroherV09,Tomas Trescak
tedu/DuBZX15,Tomas Trescak
tcci/MinhT14,Ji Qi
tedu/LiXJS11,Ji Qi
tdhms/YampolskiyMH14,Ji Qi
tcci/ZiembaJW18,Kurt Jensen
tdhms/ChaK10,Kurt Jensen
topnoc/PuraB15,Kurt Jensen
tcsb/GoldsteinW11,Antje Beyer
tcos/ShrivastavaBTC13,Antje Beyer
tcos/MohamedA09,Antje Beyer
fomac/Margaria16,Huaxun Xu
tlsdkcs/DuongBGLSV18,Huaxun Xu
tcos/PereiraO09,Huaxun Xu
tcci/JonkerSTWW10,Nicola Mazzocca
tcci/MartinBRM19,Nicola Mazzocca
tedu/TangSYG11,Nicola Mazzocca
topnoc/WangKMS18,Sylvain Hallé
tlsdkcs/SakkaD12,Sylvain Hallé
thipeac/NingK07,Sylvain Hallé
topnoc/DongenMW09,José González
jgtools/Pobegailo13,José González
tcci/StankovicKOK17,José González
tlsdkcs/DurandQ16,Thomas Gabor
tcos/Bezdek13,Thomas Gabor
tcos/FuHI13,Thomas Gabor
tcci/IvanovicB15,Andrey Smorkalov
topnoc/SedlmajerBHLBM12,Andrey Smorkalov
tcos/DaescuCP09,Andrey Smorkalov
tcos/Thapliyal16,Dionisios N. Pnevmatikatos
trs/Mani19,Dionisios N. Pnevmatikatos
trs/DuntschG15,Dionisios N. Pnevmatikatos
tcos/Jamili15,Yangzhou Chen
tedu/NieYJ17,Yangzhou Chen
tcos/LiWWP12,Yangzhou Chen
tlsdkcs/AmaviA14,Ferdinand Bollwein
tcci/DoT15,Ferdinand Bollwein
tcci/HuangC11,Ferdinand Bollwein
tedu/YuY15,Yao Xu
tcsb/Guerriero09,Yao Xu
tcsb/WangNGR08,Yao Xu
tedu/CaoLCP17,Karen Works
tcci/FerreiraCR15,Karen Works
tcci/Choros11,Karen Works
tcos/BandyopadhyayRD14,Wamberto Weber Vasconcelos
trs/Nguyen08,Wamberto Weber Vasconcelos
tcos/MostafaviBH10,Wamberto Weber Vasconcelos
tcci/RekabsazBLH17,Javier Esparza
topnoc/KnapikP12,Javier Esparza
taosd/CazzolaCS07,Javier Esparza
tcci/ZiembaJW18,María D. R.-Moreno
trs/MoshkovSS10,María D. R.-Moreno
tcos/JiaWWZXLZ16,María D. R.-Moreno
tedu/ZhangWYXZ17,Bo Yang 0001
tlsdkcs/NodarakisPSTTT16,Bo Yang 0001
tcos/TuiaKCK09,Bo Yang 0001
tedu/CaoLCP17,Panagiotis D. Ritsos
tcsb/AndreiC12,Panagiotis D. Ritsos
tcos/Fridenfalk16,Panagiotis D. Ritsos
tedu/YunJL09,Verónica Bolón-Canedo
tedu/ZhangY09,Verónica Bolón-Canedo
tcos/LiWY10,Verónica Bolón-Canedo
tedu/LiXJS11,Lukasz Mikulski
taosd/ChitchyanPRF07,Lukasz Mikulski
tlsdkcs/VenkateshKRK18,Lukasz Mikulski
topnoc/MollerHMS18,JunJun Pan
tcos/HarrisonMS12,JunJun Pan
trs/PetersLW08,JunJun Pan
thipeac/MoretoCRV11,Palesa Antony
tedu/KhineS08,Palesa Antony
tcci/FulopKS10,Palesa Antony
tcci/BoryczkaJ13,Muhammad Sarfraz 0001
jgtools/McEwanSRG12,Muhammad Sarfraz 0001
jods/Pierra08,Muhammad Sarfraz 0001
tcci/Meyer-NiebergK18,R. Uday Kiran
thipeac/LinC11,R. Uday Kiran
tplop/VainsencherB09,R. Uday Kiran
tcci/SaltoA15,Shahriar Bijani
tcos/Tujillo-OlayaV10,Shahriar Bijani
jgtools/FrogleyJ13,Shahriar Bijani
taosd/LanduytbTJ12,Rong Tan
tcos/DattaCS18,Rong Tan
tedu/ChenZT15,Rong Tan
tcos/KannanRP10,Pierluigi Del Nostro
tcos/VassevM12,Pierluigi Del Nostro
tlsdkcs/Kellou-MenouerK16,Pierluigi Del Nostro
topnoc/Reisig13,Thanh Binh Nguyen 0004
tcci/GladyszP17,Thanh Binh Nguyen 0004
tedu/LiuFLX16,Thanh Binh Nguyen 0004
tcci/HoogendoornTWW11,Nicolae Jascanu
jods/SureAS03,Nicolae Jascanu
tlsdkcs/DoP16,Nicolae Jascanu
tcos/VassevM12,Shinichi Honiden
tcos/KhannaCG18,Shinichi Honiden
topnoc/Westergaard12,Shinichi Honiden
topnoc/SedlmajerBHLBM12,Ramchandra Phawade
trs/NagarajanU11,Ramchandra Phawade
tcci/ThorissonSW10,Ramchandra Phawade
topnoc/KnapikP12,Valery Adzhiev
tdhms/ZmudzinskiSB12,Valery Adzhiev
topnoc/ChatainH14,Valery Adzhiev
tlsdkcs/AsikiTK12a,Youngsong Mun
tcci/WauteletKK11,Youngsong Mun
tedu/Zhang13,Youngsong Mun
tcos/JarvisH11,L. Villafuerte
tcos/KushwahaS15,L. Villafuerte
tedu/ShenL17,L. Villafuerte
trs/PrasadR14,Assunta Tavernise
tlsdkcs/AmaroucheBBMA11,Assunta Tavernise
tcos/HuW09,Assunta Tavernise
tlsdkcs/TruongRN17,Qing Tian
tcci/IvanovicIVB18,Qing Tian
trs/Mani16,Qing Tian
tedu/SislerB08,Nectarios Koziris
tcos/FrolovVKG13,Nectarios Koziris
topnoc/MascheroniF12,Nectarios Koziris
tcci/LabidiCB18,Meiliang Wang
tlsdkcs/LeclercqGGS19,Meiliang Wang
topnoc/KnapikNPPSZ10,Meiliang Wang
tlsdkcs/BianchiniCAFQT14,Noha A. Al-Mulla
tcci/ZhouDC17,Noha A. Al-Mulla
tcsb/PriamiQ05,Noha A. Al-Mulla
trs/Pulawski11,François Anton
tlsdkcs/JaikarN16,François Anton
tedu/RiekkiCHSK13,François Anton
trs/Terlecki10,Heyue Wei
tedu/KaoHL12,Heyue Wei
tedu/YunJL09,Heyue Wei
tdhms/XiaZFW15,Fabien Duchateau
tedu/DongLB11,Fabien Duchateau
topnoc/PuraB15,Fabien Duchateau
thipeac/KoteraAETK11,Shunting Wang
tcos/AleksandrovPC16,Shunting Wang
taosd/BoerGJKW14,Shunting Wang
topnoc/CalzolaiNLT08,Churn-Jung Liau
tedu/WangW17,Churn-Jung Liau
tedu/ZengMYSZ15,Churn-Jung Liau
tlsdkcs/Fegaras18,Jiangang Yang
tedu/Cui16,Jiangang Yang
tedu/KimN12,Jiangang Yang
tcos/LiuS13,Changle Zhou
tcci/GladyszP17,Changle Zhou
tcci/KrauseHD15,Changle Zhou
tcci/SzymanezykDD12,Volker Schwarzer
tcci/MinhT14,Volker Schwarzer
tcos/MatsuiS10,Volker Schwarzer
tedu/Chiang12,Xiaoyang Wang
tcos/KasperOP10,Xiaoyang Wang
tlsdkcs/VidalCAMP16,Xiaoyang Wang
tcos/AokiA16,Elke A. Rundensteiner
trs/JensenC11,Elke A. Rundensteiner
jods/MeoQTU07,Elke A. Rundensteiner
tlsdkcs/CaoKXMTTB13,Lin Shang
trs/SahaMP10,Lin Shang
tedu/HuLS17,Lin Shang
tcos/MohamedA09,Sankhayan Choudhury
tcos/Fridenfalk16,Sankhayan Choudhury
jods/BrownP09,Sankhayan Choudhury
tedu/KoenitzHFS13,Oscar Romero 0001
tcci/Aydin10,Oscar Romero 0001
tdhms/YanWESN14,Oscar Romero 0001
tcci/BelhajjameGHY17,Nagiza F. Samatova
trs/YueM09,Nagiza F. Samatova
tcsb/RadulescuSPCL11,Nagiza F. Samatova
tcos/Wallgrun10,Prakash Choudhary
tdhms/SubramanyamE11,Prakash Choudhary
tcsb/DavidBM09,Prakash Choudhary
trs/KostekWS08,Hartmut Koenitz
tcci/BehzadAHGK19,Hartmut Koenitz
tedu/Brown-SimmonsKKY09,Hartmut Koenitz
tlsdkcs/VirgilioB14,Sejin Oh
tcci/TozickaJDK15,Sejin Oh
tcos/YasminS13,Sejin Oh
tcci/OrlowskiZOKSP16,Josephine Csete
tlsdkcs/WangZHXHG19,Josephine Csete
tedu/LeePL11,Josephine Csete
tlsdkcs/MahfoudI15,Mirian Halfeld Ferrari Alves
tedu/LoCTY09,Mirian Halfeld Ferrari Alves
tedu/DongYWLL12,Mirian Halfeld Ferrari Alves
tedu/LehtonenT11,Angelo Troina
tedu/ShaoY15,Angelo Troina
tcos/TcholtchevS14,Angelo Troina
tcos/CattaniS09,Farouk Toumani
tlsdkcs/NovakZ16,Farouk Toumani
tedu/Wechselberger09,Farouk Toumani
tlsdkcs/FilaliBHB11,Leandro A. Alexandre
thipeac/VandierendonckS09,Leandro A. Alexandre
tcos/Jamili15,Leandro A. Alexandre
tcos/XiangLTZP11,D. Umadevi
tedu/LeePL11,D. Umadevi
tlsdkcs/StahlMMBG15,D. Umadevi
fomac/HavelundK16,Hiba Tabbara
tcci/YahyaaDM15,Hiba Tabbara
tedu/YuanLWL09,Hiba Tabbara
trs/YuWL11,Fan Li
tlsdkcs/PappelPTD17,Fan Li
tcos/DasDT19,Fan Li
trs/ChenLLHK08,Steve M. Easterbrook
tcos/Livesu19,Steve M. Easterbrook
tlsdkcs/LeNTN16,Steve M. Easterbrook
taosd/Malakuti16,Tomasz Strakowski
tcci/Was12,Tomasz Strakowski
tcsb/GhoshGBD07,Tomasz Strakowski
tedu/WangGYT17,Javier Alejandro Corredor
tcci/Nurmi18,Javier Alejandro Corredor
thipeac/DevosCVS11,Javier Alejandro Corredor
topnoc/KnapikSP10,Yuji Yoshimura
trs/SamantaC15,Yuji Yoshimura
trs/LiuLL14,Yuji Yoshimura
topnoc/HongKPE12,Mikhail Morozov
tlsdkcs/LahiriAM13,Mikhail Morozov
tdhms/SutthiwanSZNS11,Mikhail Morozov
tedu/SuhardiL09,Giovanni Mazzocco
tedu/ZengMYSZ15,Giovanni Mazzocco
tedu/JiangS10,Giovanni Mazzocco
tcci/Was12,Johann Großschädl
tedu/WangYXYM09,Johann Großschädl
tcci/Zakrzewska12,Johann Großschädl
tlsdkcs/DongCFK18,Lom-Messan Hillah
tedu/HeLZ12,Lom-Messan Hillah
tedu/YouLW11,Lom-Messan Hillah
tcos/GavrilovaY11,Renée J. Miller
tcci/QinO13,Renée J. Miller
tedu/ChenZJP09,Renée J. Miller
tcci/EmaniSFG16,Pawel Delimata
tcos/ProtoABOC10,Pawel Delimata
jods/AtzeniBBG09,Pawel Delimata
topnoc/JensenNOS16,Omer Khan
tlsdkcs/AmaviA14,Omer Khan
tcci/KrauseHD15,Omer Khan
thipeac/NethercoteBM07,Shaozhi Ye
thipeac/StenstromW09,Shaozhi Ye
taosd/CazzolaCS07,Shaozhi Ye
jods/RinderleR07,Amany M. Sarhan
jgtools/Jacobson13,Amany M. Sarhan
taosd/WhiteGS09,Amany M. Sarhan
tdhms/MeerwaldU12,Xiyuan Hou
tedu/ShinozakiIN08,Xiyuan Hou
trs/WasilewskiPR11,Xiyuan Hou
tedu/WangWZLX12,Alexander Amini
tcci/OommenH12,Alexander Amini
topnoc/CortadellaKBCJ08,Alexander Amini
topnoc/KleijnKP14,Michele Magno
trs/Przybyszewski08,Michele Magno
tcci/CottaLVOMCCR16,Michele Magno
jgtools/VoSSP12,Richard Bache
tlsdkcs/FernandesHP17,Richard Bache
tlsdkcs/PoppeGRB13,Richard Bache
tlsdkcs/Iam-onB13,Maurizio Lazzari
tcos/WeygaertVEJPPHEKBHFHECT11,Maurizio Lazzari
tedu/ShiratuddinW12,Maurizio Lazzari
tcci/HorvatGB10,Debotosh Bhattacharjee
tlsdkcs/BressHSBS14,Debotosh Bhattacharjee
tedu/BlasP13,Debotosh Bhattacharjee
tedu/LuoNCJDH12,Veronica Botero Fernandez
tedu/MolnarK16,Veronica Botero Fernandez
tcci/Alor-HernandezAJPRMBG10,Veronica Botero Fernandez
taosd/BoerGJKW14,Huanglin Zeng
jods/WangP08,Huanglin Zeng
tcos/VlasovFW13,Huanglin Zeng
tedu/Zhong18,Miao Zheng
tcos/MoonsBW09,Miao Zheng
topnoc/MarroneMNPRV12,Miao Zheng
tcos/FanZT10,Niek Tax
tlsdkcs/EzeifeZ14,Niek Tax
taosd/AxelsenSKM12,Niek Tax
tcos/SahinUGU12,Gary Wassermann
tlsdkcs/Vidyasankar17,Gary Wassermann
tlsdkcs/CerqueusCL12,Gary Wassermann
tcci/DaneshNADMS11,David Harel
tcos/NakataS08,David Harel
tcos/HouLLLSMW16,David Harel
tlsdkcs/BouchouAL12a,Jacopo Soldani
trs/Mani16,Jacopo Soldani
topnoc/KnapikP12,Jacopo Soldani
jods/SegevG07,Francesco Rango
thipeac/GolanderW09,Francesco Rango
tcos/DegtyarevG16,Francesco Rango
tcos/BanerjeeBDKMR13,Damires Souza
taosd/LohmannSHS12,Damires Souza
taosd/JagadeesanPR09,Damires Souza
tlsdkcs/ChenH13,Nikolai N. Medvedev
tedu/Dong18,Nikolai N. Medvedev
tcos/MelloWFCB09,Nikolai N. Medvedev
topnoc/BernardinelloKP16,Jun Hu 0002
tcci/Choros11,Jun Hu 0002
tcos/Oshita14,Jun Hu 0002
tlsdkcs/BasuLCVYSB16,Prabukumar Manoharan
thipeac/GoudarziIN11,Prabukumar Manoharan
tedu/PuXQHD15,Prabukumar Manoharan
tcci/IoannouV16,Slavko Rupcic
taosd/KienzleAFJK10,Slavko Rupcic
tcos/TanS17,Slavko Rupcic
trs/DelimataMMPSS10,Zhiying He
tcci/Dudek13,Zhiying He
tlsdkcs/BechiniG11,Zhiying He
tcos/KimVMG13,Leszek Kotulski
tdhms/XiaZFW15,Leszek Kotulski
thipeac/BartoliniFP11,Leszek Kotulski
tedu/LongZGXDYZ11,Yanhua Guo
tcsb/BeyerTLSF10,Yanhua Guo
tcci/HofstedeJV10,Yanhua Guo
taosd/AraujoB07a,Lin Yang
tcci/ChaoucheFIS14,Lin Yang
tlsdkcs/Kellou-MenouerK16,Lin Yang
tcos/Cattani09,Massimo Ruffolo
jods/DouMQ05,Massimo Ruffolo
tedu/WangWH11,Massimo Ruffolo
tcsb/Chesi09,André Seznec
tlsdkcs/MaamarBSRPSPBS17,André Seznec
topnoc/RamosBHH08,André Seznec
tcos/MahajanA09,Vaibhav Chaudhary
tcci/BonidalTG14,Vaibhav Chaudhary
tplop/HentrichZ09,Vaibhav Chaudhary
jods/PinetS09,Mireille Blay-Fornarino
tcci/Hernes19,Mireille Blay-Fornarino
topnoc/RoyS16,Mireille Blay-Fornarino
tcos/Greer09,Valery I. Korzhik
tcos/MelloWFCB09,Valery I. Korzhik
trs/YaoF13,Valery I. Korzhik
tlsdkcs/ChenH13,Jerzy Kisielnicki
tlsdkcs/MaskatPE16,Jerzy Kisielnicki
tedu/Cui16,Jerzy Kisielnicki
thipeac/DevosCVS11,Kun-Hang Lee
thipeac/BhadauriaMST09,Kun-Hang Lee
tcos/TL12,Kun-Hang Lee
tlsdkcs/HeendaliyaLH12a,Günter Müller
tcci/SitekW18,Günter Müller
tcci/TomfordeKMBS18,Günter Müller
tdhms/ZmudzinskiSB12,Frederik Armknecht
trs/Jaworski08,Frederik Armknecht
tcci/IoannouV16,Frederik Armknecht
tcsb/ZhangCS05,Carl Stone
topnoc/WangKMS18,Carl Stone
tcos/Wang09,Carl Stone
trs/Janusz14,Rodrick Wallace
topnoc/HeeSW13a,Rodrick Wallace
taosd/HolzlKZ10,Rodrick Wallace
thipeac/KhatibBPBJBKHNJ07,Quoc Thai Tran
tlsdkcs/MunozN18,Quoc Thai Tran
topnoc/MollerHMS18,Quoc Thai Tran
tedu/WangHW09,Hanyang Tong
trs/BlaszczynskiSS10,Hanyang Tong
tedu/YangHW11,Hanyang Tong
tcos/NK13,Mostafa Y. Elbakry
taosd/CazzolaCS07,Mostafa Y. Elbakry
tlsdkcs/HartogDGL15,Mostafa Y. Elbakry
tcci/ShahamatniaMDRF16,Yuan Ni
trs/FanLL15,Yuan Ni
tedu/MaWD17,Yuan Ni
tedu/LiuF12,Thomas Wagner 0003
fomac/Rensink16,Thomas Wagner 0003
thipeac/SonK07,Thomas Wagner 0003
taosd/Bagherzadeh0FSR16,Andreas Moustakas
tedu/GaudyNA09,Andreas Moustakas
tcos/TaramelliM09,Andreas Moustakas
jods/AlbertoniM08,Fabrício Olivetti de França
tedu/ChanNPQCYH10,Fabrício Olivetti de França
tcos/ChoudharyK18,Fabrício Olivetti de França
tlsdkcs/KawakatsuKTA16,Kees M. van Hee
tedu/HuangC12,Kees M. van Hee
tedu/CaoLCP17,Kees M. van Hee
tedu/JungKJBL08,Reza Sedaghat
tedu/WangCLZ15,Reza Sedaghat
tcos/NichollAA10,Reza Sedaghat
trs/YueM09,Wouter C. A. Wijngaards
taosd/Bagherzadeh0FSR16,Wouter C. A. Wijngaards
tlsdkcs/MaskatPE16,Wouter C. A. Wijngaards
tcos/Wallgrun10,Pablo Moreno-Ger
tcci/NishizakiHH13,Pablo Moreno-Ger
tdhms/XiaZFW15,Pablo Moreno-Ger
tcci/ZacharaMP13,Georgios N. Yannakakis
trs/PodsiadloR14,Georgios N. Yannakakis
thipeac/JonesOAG11,Georgios N. Yannakakis
tcci/NishizakiHH13,N. V. Yuzhanin
topnoc/KleijnK13,N. V. Yuzhanin
tedu/ZhangY09,N. V. Yuzhanin
tcos/RegazzoniEPGGMDPPLI09,Wenshan Fan
tedu/SatoLMAI08,Wenshan Fan
topnoc/HeeKPSW08,Wenshan Fan
tdhms/XiangK11,Nai-Wei Ji
jods/TournairePRT11,Nai-Wei Ji
taosd/Bagherzadeh0FSR16,Nai-Wei Ji
taosd/MosserBF10,Thi Ai Thao Nguyen
thipeac/BartoliniFP11,Thi Ai Thao Nguyen
tcos/GuptaSS15,Thi Ai Thao Nguyen
tlsdkcs/MaamarBSRPSPBS17,Alexey Gerasimov
tcos/LachmundH10,Alexey Gerasimov
taosd/McNeileR10,Alexey Gerasimov
tplop/AguiarD11,Paola Salomoni
tplop/Siddle09,Paola Salomoni
tlsdkcs/ThalheimD16,Paola Salomoni
tcci/AouichaTM18,Elisabetta Mangioni
taosd/BynensTJ11,Elisabetta Mangioni
tcos/ChaurasiaVTA09,Elisabetta Mangioni
tedu/ZhouPLWL17,Mauricio Alférez
tedu/PanZ11,Mauricio Alférez
trs/Pancerz15,Mauricio Alférez
tcos/HopmannGTV11,Gabriela González Castro
tcos/RyuM09,Gabriela González Castro
tlsdkcs/Seki15,Gabriela González Castro
tcos/Rao10,Trevor J. M. Bench-Capon
trs/YuWL11,Trevor J. M. Bench-Capon
tcos/NielsenN11,Trevor J. M. Bench-Capon
trs/JensenC11,Ajantha Dahanayake
tedu/YanD17,Ajantha Dahanayake
tedu/Ruping13,Ajantha Dahanayake
tcci/Bolon-CanedoRSA15,Bruno Feijó
tedu/LvB17,Bruno Feijó
trs/El-MonsefAM12,Bruno Feijó
tcos/LiuWF08,Saeed Samet
trs/Sikora10,Saeed Samet
tedu/HanW10,Saeed Samet
topnoc/KnapikSP10,Giorgio Gianforme
tcos/AntonMG09,Giorgio Gianforme
tlsdkcs/Draheim16,Giorgio Gianforme
tcci/Capkovic11,Xuefeng Tong
tcsb/DavidBM09,Xuefeng Tong
trs/KryszkiewiczL08,Xuefeng Tong
topnoc/ArnoldB12,Sanjoy Kumar Saha
topnoc/LiuL14,Sanjoy Kumar Saha
trs/Zielosko15,Sanjoy Kumar Saha
tlsdkcs/SalamehCC19,Ian Arundale
tcos/FujiiS10,Ian Arundale
taosd/DubslaffBK14,Ian Arundale
tcci/LathamCME12,Simón Castillo
tedu/LuZ12,Simón Castillo
tcos/HounsellBS14,Simón Castillo
tcci/LiP13,Milán Horváth
tdhms/JamzadK08,Milán Horváth
fomac/HolzlG16,Milán Horváth
tcos/ElbakryEE09,Harald Devos
tlsdkcs/MichelFM19,Harald Devos
tedu/WangCNZSZW12,Harald Devos
tcos/SamihWMKS14,Rajkumar Soundrapandiyan
topnoc/ArnoldB12,Rajkumar Soundrapandiyan
topnoc/HeinerRST16,Rajkumar Soundrapandiyan
tedu/ZhangY09,Hui Ma
trs/BediC11,Hui Ma
tlsdkcs/JaeckschL13,Hui Ma
tcci/KacprzakKTBGLR11,Fadi N. Sibai
tcos/DickersonGDZ11,Fadi N. Sibai
tcci/Heudin18,Fadi N. Sibai
tcci/ChohraBM13,Dirk Lebiedz
topnoc/Lakos09,Dirk Lebiedz
tcos/XuFTXM18,Dirk Lebiedz
jods/WangP08,Gianfranco Gambarelli
trs/Mani19,Gianfranco Gambarelli
taosd/FilhoAB16,Gianfranco Gambarelli
thipeac/OBoyleBC07,Waldemar W. Koczkodaj
jgtools/ChampagnatS12,Waldemar W. Koczkodaj
tcci/WangMYW15,Waldemar W. Koczkodaj
tcci/Capkovic13,Chun Ouyang
tcci/PastuszakO13,Chun Ouyang
tcci/Neri12,Chun Ouyang
trs/Sikora10,Hichem Dabbèchi
tcos/TilmanneD12,Hichem Dabbèchi
tcci/Alor-HernandezAJPRMBG10,Hichem Dabbèchi
tcci/BelhajjameGHY17,Marc J. M. Heijligers
tlsdkcs/ChakrabortyS12,Marc J. M. Heijligers
tcos/Gavrilova17,Marc J. M. Heijligers
jods/ChungM05,Alok Kumar Singh Kushwaha
tcos/YaoZW08,Alok Kumar Singh Kushwaha
tedu/PanLZYCTY09,Alok Kumar Singh Kushwaha
thipeac/HuJK09,Jiayi Xu
tcsb/VersariZ12,Jiayi Xu
tcci/JutteW18,Jiayi Xu
tedu/ChenQ12,Johann Eder
tcci/Begier11,Johann Eder
tedu/CaiICZ08,Johann Eder
topnoc/Aalst09,Mathieu Hopmann
tcos/ProtoABOC10,Mathieu Hopmann
tdhms/JamzadK08,Mathieu Hopmann
tlsdkcs/AbdelbakiYM15,Alfio Ferrara
tcos/BalliuM10,Alfio Ferrara
trs/Mani19,Alfio Ferrara
trs/AnarakiSBE16,Ren Wang
topnoc/BernardinelloFPA18,Ren Wang
tlsdkcs/YefernyAB13,Ren Wang
tedu/HodhodCK11,Gene Fuh
tcos/FuWYWZZ16,Gene Fuh
tcos/SayedUPPR16,Gene Fuh
tcci/CuiHLX15,Inmaculada Remolar
tcci/PiskorskiTAGZ11,Inmaculada Remolar
tcos/TakanamiF19,Inmaculada Remolar
tcos/Wang09a,Hongpu Liu
trs/LiuMZZ14,Hongpu Liu
topnoc/KristensenJ08,Hongpu Liu
tcci/JaffaliAJH15,K. R. Jayaram
jods/Majkic09,K. R. Jayaram
jods/SkoutasSS09,K. R. Jayaram
tcci/LorkiewiczKK12,Pheng-Ann Heng
tcsb/LoeweGWMGH11,Pheng-Ann Heng
tcos/ArganyMKG11,Pheng-Ann Heng
topnoc/MaissaKMT13,Stanislaw Brodowski
tcos/KotiyalTR14,Stanislaw Brodowski
thipeac/Wilkes07,Stanislaw Brodowski
taosd/HeidenreichHJZ09,Vitaly Volpert
tcsb/AmanC09,Vitaly Volpert
tlsdkcs/HameurlainM09,Vitaly Volpert
thipeac/YuanYF11,Guthemberg Silvestre
tlsdkcs/BarahmandG16,Guthemberg Silvestre
tdhms/XuanSCTNT09,Guthemberg Silvestre
jods/GiorginiMNS03,Alberto Paolo Tonda
tcsb/ShenhavSLK05,Alberto Paolo Tonda
tlsdkcs/ThalheimD16,Alberto Paolo Tonda
tedu/JesusRC11,Ruisong Ye
taosd/UrbanLS11,Ruisong Ye
tedu/CourgeonCTM11,Ruisong Ye
tedu/PrestonM09,Ke-Jia Chen
topnoc/DongenDA12,Ke-Jia Chen
thipeac/StenstromW09,Ke-Jia Chen
tlsdkcs/HeendaliyaLH12a,Francois Mouton
tplop/KolfschotenBL11,Francois Mouton
tcci/Kluska-NawareckaWR13,Francois Mouton
tlsdkcs/FengLHD13,Boris Motik
tcci/ZiembaJW18,Boris Motik
thipeac/RullmannM11,Boris Motik
tlsdkcs/AnHHT14,Fenhua Wang
tcci/WangMMZ15,Fenhua Wang
tedu/Spierling08,Fenhua Wang
tcos/WangWAZJSZ16,John Jack
tcos/GuptaSS15,John Jack
tlsdkcs/TianWJNY12,John Jack
tdhms/LiuGWY14,Mohamed Abid
tlsdkcs/HeendaliyaLH12a,Mohamed Abid
tlsdkcs/AntwiV16,Mohamed Abid
tedu/FengJHWZ12,Celina Gibbs
tcci/ResconiH12,Celina Gibbs
tedu/ShiHC11,Celina Gibbs
thipeac/WelcS11,Emerson Ribeiro de Mello
tcos/JovanovicSO09,Emerson Ribeiro de Mello
trs/Cyran10,Emerson Ribeiro de Mello
tcos/RasoolS14,Wolfgang Marwan
tcos/HuW09,Wolfgang Marwan
jods/BanerjeeD09,Wolfgang Marwan
tcci/Sus17,Khedija Arour
tcos/GeiselmannMS10,Khedija Arour
fomac/Lindvall0TDH16,Khedija Arour
topnoc/Xu09,Wee-Juan Tan
jods/AlbertoniM08,Wee-Juan Tan
tedu/ZhangL12,Wee-Juan Tan
tlsdkcs/AkbariniaTPVL11,João Zamite
tlsdkcs/ZhangCLL11,João Zamite
tcos/Chakraborty18,João Zamite
tedu/TarumiYDKITHY09,Marco Manna
tcci/GathHV15,Marco Manna
tcci/Treur12,Marco Manna
tcos/XiangLTZP11,Tomoyuki Aotani
tcci/JaffaliAJH15,Tomoyuki Aotani
tcos/MelloWFCB09,Tomoyuki Aotani
tcos/TL12,Massimiliano Vesci
tcos/YampolskiyCRG12,Massimiliano Vesci
tcci/DoT15,Massimiliano Vesci
tedu/Wechselberger09,Gera Weiss
tcos/Nuangjumnong16,Gera Weiss
tcci/KoszelewO13,Gera Weiss
tedu/YanD17,Xiongfei Liao
taosd/KienzleGM10,Xiongfei Liao
tcos/PilyuginMAP13,Xiongfei Liao
trs/EklundG08,Robert Noll
tedu/Moreno-GerBCSF08,Robert Noll
tcos/BraunBWS18,Robert Noll
tcos/SpizhevoyE13,Andreas Harrer
tcos/LiuL08,Andreas Harrer
tedu/PengHZL09,Andreas Harrer
tedu/FengFY16,Shouyuan Yang
tedu/SatoLMAI08,Shouyuan Yang
tcsb/PriamiQ05,Shouyuan Yang
tedu/WangYXYM09,Maxim Babarinow
tcsb/EhrenfeuchtKKR12,Maxim Babarinow
jods/TournairePRT11,Maxim Babarinow
tcos/OhmoriK13,Yannis Vassiliou
tcos/TranSGPK14,Yannis Vassiliou
tcos/AliWLSWZ16,Yannis Vassiliou
tedu/LinL09,Oussama Tlili
tedu/Meyer09,Oussama Tlili
tedu/OhW08,Oussama Tlili
tcci/KostrzewaMP16,Jaydeb Bhaumik
trs/Jiao11,Jaydeb Bhaumik
tlsdkcs/MetouiBA17,Jaydeb Bhaumik
tcos/PerumallaY14,Dominique Lenne
tedu/Sauve09,Dominique Lenne
tcos/MaiaBO10,Dominique Lenne
topnoc/NiewiadomskiP15,Nikos Katsifarakis
tlsdkcs/PhandR16,Nikos Katsifarakis
tcci/LiaoWLZQ15,Nikos Katsifarakis
tdhms/AycockC15,Pete Sawyer
tcos/SourinSWG09,Pete Sawyer
tlsdkcs/MahboubiAV19,Pete Sawyer
topnoc/CortadellaKBCJ08,Yash P. Aneja
jods/YangK03,Yash P. Aneja
tlsdkcs/AtkinsonBD12,Yash P. Aneja
tedu/ZhangZ17,Gustavo Aranda Bada
tedu/HungKC09,Gustavo Aranda Bada
jods/KalfoglouS03,Gustavo Aranda Bada
tedu/ShaoY15,Jean-Luc Hainaut
tcci/KivWK12,Jean-Luc Hainaut
tlsdkcs/KawamuraO14,Jean-Luc Hainaut
trs/DelimataMMPSS10,Edson T. de Camargo
tlsdkcs/Rahhal17,Edson T. de Camargo
topnoc/MokhovCB16,Edson T. de Camargo
taosd/BynensTJ11,John Aycock
trs/DelimataMMPSS10,John Aycock
tedu/LiXJS11,John Aycock
tlsdkcs/AfsarmaneshEMC09,Vanilson Arruda Burégio
tcos/JiaWWZXLZ16,Vanilson Arruda Burégio
tlsdkcs/ThiCL17,Vanilson Arruda Burégio
tcci/Putz-LeszczynskaP13,Yuyang Dong
tcci/NishizakiHH13,Yuyang Dong
tedu/LiuFLX16,Yuyang Dong
thipeac/AzevedoJMTHARV11,David Safránek
tcos/SingaraveluV13,David Safránek
tcos/MatrosovIS13,David Safránek
tedu/WeiL10,Drew V. McDermott
tcsb/AngiusHW12,Drew V. McDermott
taosd/BoerGJKW14,Drew V. McDermott
trs/LiuLL14,Kris Venstermans
tlsdkcs/MontoyaISMV14,Kris Venstermans
tedu/CaoLCP18,Kris Venstermans
tedu/JiZZ12,Jonathan Beaumont
trs/WasilewskiPR11,Jonathan Beaumont
topnoc/BashkinL14,Jonathan Beaumont
taosd/SanchezFJC07,Phan Cong Vinh
topnoc/HerajySH13,Phan Cong Vinh
trs/SamantaC08,Phan Cong Vinh
thipeac/OBoyleBC07,Andrey Makrushin
tcci/RawatJSR18,Andrey Makrushin
tcos/NK13,Andrey Makrushin
tcci/Recio-GarciaDGS10,Sunil Jacob John
jods/PerniciS03,Sunil Jacob John
tcos/TanS17,Sunil Jacob John
tcos/KasperOP10,Pierre Guillemin
jgtools/Frisvad12,Pierre Guillemin
taosd/FigueroaTT13,Pierre Guillemin
tcos/ChaurasiaS19,Guillaume Blin
tedu/HorvathDSS09,Guillaume Blin
tedu/YangXL15,Guillaume Blin
tlsdkcs/Vidyasankar17,Zirui Lan
tedu/JungKJBL08,Zirui Lan
tcci/Heudin18,Zirui Lan
taosd/MussbacherAW07,Haruo Sato
topnoc/WestergaardFS13,Haruo Sato
topnoc/DedovaP13,Haruo Sato
tedu/ErsotelosD11,Javier Torrente
trs/VirginiaN15,Javier Torrente
tcsb/SegataB08,Javier Torrente
tcos/DasTG17,Marc Krüger
tedu/LiuJLDZ16,Marc Krüger
topnoc/AalstD13,Marc Krüger
tcos/RiffMN10,Vedad Hulusic
taosd/Malakuti16,Vedad Hulusic
tcci/MughazHG17,Vedad Hulusic
tcci/BarbuchaCJRW10,Jessica J. Fridrich
tcci/LorkiewiczKK12,Jessica J. Fridrich
topnoc/StahlMB09,Jessica J. Fridrich
trs/Grzymala-BusseR08,Mingsheng Wang
tcci/KapustaMD15,Mingsheng Wang
tlsdkcs/BouadiCQ13,Mingsheng Wang
jods/SaboudM08,Daniel Mestre
tlsdkcs/SurduGSP13,Daniel Mestre
tedu/ZhangW12,Daniel Mestre
tcci/Meyer-NiebergK18,Pilar Herrero
thipeac/NagarajanGK09,Pilar Herrero
tedu/DongLB11,Pilar Herrero
tlsdkcs/BouchouAL12a,Panrawee Vechsamutvaree
tcci/ChohraMK10,Panrawee Vechsamutvaree
tedu/Walton13,Panrawee Vechsamutvaree
tcos/LiuG10,José-Emilio Vila-Forcén
topnoc/Vanit-Anunchai16,José-Emilio Vila-Forcén
tedu/ChangC12,José-Emilio Vila-Forcén
tcos/GeiselmannMS10,Vander Alves
jods/Pierra08,Vander Alves
tcci/FridHKMMS16,Vander Alves
tcci/WauteletKK11,Patricia Serrano-Alvarado
tedu/BlasP13,Patricia Serrano-Alvarado
trs/Pancerz09,Patricia Serrano-Alvarado
tcos/LuoLCYL11,Lili Wang
tlsdkcs/MinhT17,Lili Wang
tcos/TuiaKCK09,Lili Wang
tcci/PiGCL13,Mario Gutiérrez
trs/TrabelsiEL11,Mario Gutiérrez
trs/WuM11,Mario Gutiérrez
tedu/GuerraSF13,Siegfried Handschuh
tcos/ElbakryEE09,Siegfried Handschuh
tcos/LuoLCYL11,Siegfried Handschuh
tlsdkcs/DoP16,Alexander Marinc
tcos/RahmanG17,Alexander Marinc
tcos/ZotosH13,Alexander Marinc
tlsdkcs/FilaliBHB11,Akemi Gálvez
trs/SakaiIKN08,Akemi Gálvez
jods/PapastefanatosVSV09,Akemi Gálvez
tedu/LehtonenT11,Christian Müller-Schloer
tcos/KolingerovaVMF18,Christian Müller-Schloer
tcos/ThepadeDG15,Christian Müller-Schloer
tedu/WangLHNSZZ15,M. P. Kurhekar
trs/PetersLW08,M. P. Kurhekar
tcos/DasDT19,M. P. Kurhekar
tlsdkcs/XuHLP13,Athanasios K. Tsakalidis
tcci/BellingerO12,Athanasios K. Tsakalidis
topnoc/HeeVSS09,Athanasios K. Tsakalidis
tedu/MarchiMFLC10,Selma Rizvic
thipeac/BuytaertVEB07,Selma Rizvic
jods/JaudoinFPT09,Selma Rizvic
tedu/SobkeCK13,Dingke Kong
trs/HenryR13,Dingke Kong
jgtools/YuanNS12,Dingke Kong
tcci/FernandesLMCR16,S. Waqar Jaffry
trs/BlaszczynskiSS10,S. Waqar Jaffry
tcos/Diaz-ParraRBS13,S. Waqar Jaffry
tlsdkcs/FerrarottiHLMM13,Liang Zeng
tlsdkcs/CaoBS12a,Liang Zeng
tlsdkcs/0001RA16,Liang Zeng
tlsdkcs/LeDTN14,Tom Duckett
tedu/SourinaTW09,Tom Duckett
tedu/GuerraSF13,Tom Duckett
tcos/JhaLN13,Panayiotis Koutsabasis
topnoc/MarroneMNPRV12,Panayiotis Koutsabasis
trs/LiuMZZ14,Panayiotis Koutsabasis
topnoc/HeinerRST16,Stanley Y. W. Su
topnoc/SalemDK12,Stanley Y. W. Su
tcos/MenshikovaBLPZ13,Stanley Y. W. Su
tedu/LuZ12,Chunyuan Zhang
tlsdkcs/LeDTN14,Chunyuan Zhang
tlsdkcs/SabesanR12,Chunyuan Zhang
tcci/NguyenS10,Vincent Hourdin
tlsdkcs/MohaniaBRCG09,Vincent Hourdin
tcos/BoacaB08,Vincent Hourdin
taosd/LohmannSHS12,Kaibin Lei
jods/TroyerBK09,Kaibin Lei
trs/Pancerz09,Kaibin Lei
trs/GirishJ11,Ahmad Taleb
tdhms/KraetzerD12,Ahmad Taleb
thipeac/KhanK11,Ahmad Taleb
tcci/IchikawaU13,Ioannis Kompatsiaris
tedu/ChenPZ12,Ioannis Kompatsiaris
tcsb/LoeweGWMGH11,Ioannis Kompatsiaris
thipeac/StenstromW09,Nicolas Sedlmajer
trs/Janicki11,Nicolas Sedlmajer
tlsdkcs/Vidyasankar17,Nicolas Sedlmajer
tedu/Xiao15,Michail Mpimpitsos
taosd/Malakuti16,Michail Mpimpitsos
taosd/KaminaAMT16,Michail Mpimpitsos
tedu/Meyer09,Doug Burger
tplop/Siddle09,Doug Burger
tdhms/LiuT09,Doug Burger
tlsdkcs/Jamil11a,Barbara Marszal-Paszek
tcos/ClementeRT10,Barbara Marszal-Paszek
taosd/LiuGC07,Barbara Marszal-Paszek
tcci/Leon18,Kalyan Basu
tcci/Barbucha13,Kalyan Basu
trs/NguyenN15,Kalyan Basu
tedu/LiuMGWL16,Tran Khanh Dang
taosd/LohmannSHS12,Tran Khanh Dang
tcci/IchikawaU13,Tran Khanh Dang
tlsdkcs/BaFD16,Lubos Brim
tlsdkcs/KritikosRK15,Lubos Brim
tcos/ClementeRT10,Lubos Brim
tcos/SeoKCM09,Li Xiao
tcos/ChaurasiaVT13,Li Xiao
topnoc/DahmaniIB08,Li Xiao
tedu/BufeK10,Rania A. Hodhod
tcos/LiWWP12,Rania A. Hodhod
tcci/KubalikAZB16,Rania A. Hodhod
tedu/FloresM13,Sarah L. Hickmott
tcos/YaoZW08,Sarah L. Hickmott
jgtools/AnjyoTL12,Sarah L. Hickmott
tlsdkcs/PatelHL13,Kamila Barylska
tcos/ArganyMKG11,Kamila Barylska
tcos/XuFTXM18,Kamila Barylska
tcos/RyuM09,Izumi Ito
tedu/LinL09,Izumi Ito
jods/WuLCX11,Izumi Ito
trs/BediC11,Zhenghao Shi
trs/Kundu15,Zhenghao Shi
tcci/KolodziejK13,Zhenghao Shi
tlsdkcs/NguyenD16,Elvio Gilberto Amparore
tcos/MoonsBW09,Elvio Gilberto Amparore
tlsdkcs/AbdelbakiYM15,Elvio Gilberto Amparore
topnoc/MansRAMB10,P. Krishna Reddy
tedu/JiangC11,P. Krishna Reddy
tlsdkcs/ChakrabortyS12,P. Krishna Reddy
taosd/HeidenreichSSZAAFKMR10,Je Zhang
tcos/IslamHH09,Je Zhang
tlsdkcs/NovakZ16,Je Zhang
tcos/KolingerovaVMF18,Ting Fang
tedu/XiongLH11,Ting Fang
tdhms/LiuYLW14,Ting Fang
tedu/MaoYJXW11,Stefan Göbel 0001
tplop/MahoneyE09,Stefan Göbel 0001
tcos/BhuvaneswariVS10,Stefan Göbel 0001
tedu/LuoZCWL12,Maira L. Batista
tedu/ChanNPQCYH10,Maira L. Batista
tlsdkcs/Khare0S14,Maira L. Batista
tcos/BlecicCT09,Ruby B. Lee
tlsdkcs/AnHHT14,Ruby B. Lee
tcsb/BlinFRV05,Ruby B. Lee
tlsdkcs/HanCJ12a,Kathryn S. McKinley
tlsdkcs/CuzzocreaJLLPT15,Kathryn S. McKinley
tedu/ChanNPQCYH10,Kathryn S. McKinley
tcci/DawoudSR19,Liting Han
tlsdkcs/SessomsA14,Liting Han
tcos/Rao10,Liting Han
tedu/YeZP16,Valeria Vittorini
trs/CattaneoC09,Valeria Vittorini
tcci/LiP13,Valeria Vittorini
taosd/BrabrandRTWB13,Tinnawat Nuangjumnong
tcci/Hayashi18,Tinnawat Nuangjumnong
tcsb/AnalouiJ07,Tinnawat Nuangjumnong
jods/KodaliFW05,Stephen Barrett
tcci/NguyenS10,Stephen Barrett
tedu/ValentinCGL12,Stephen Barrett
topnoc/HongKPE12,Natthakan Iam-on
trs/Gomolinska10,Natthakan Iam-on
tcci/MughazHG17,Natthakan Iam-on
thipeac/JahreN11,François Bry
tcci/Andrzej11,François Bry
tcci/Motylska-Kuzma18,François Bry
tlsdkcs/AlgergawyMSES14,Christian Meschke
trs/AnarakiSBE16,Christian Meschke
trs/Szczuka11,Christian Meschke
tcos/LysenkovE13,Qun Jiang
tlsdkcs/MishraM016,Qun Jiang
tcos/SchmittV13,Qun Jiang
topnoc/RadhouaniILR15,Juan Hernández
tcci/OSheaBC12,Juan Hernández
thipeac/WadaHMSNSKK11,Juan Hernández
taosd/LiuGC07,Charbel Rahhal
tcos/TanumaIM11,Charbel Rahhal
trs/YaoZWH08,Charbel Rahhal
tplop/Riehle11,Aron Schmidt
trs/PetersLW08,Aron Schmidt
tcci/SzymanezykDD12,Aron Schmidt
tlsdkcs/Draheim16,Michael Rychagov
tdhms/WeirY10a,Michael Rychagov
topnoc/MietznerKL09,Michael Rychagov
tcos/SepulvedaPSC10,Jiming Chen
topnoc/ShilS15,Jiming Chen
tcci/ByrskiKT17,Jiming Chen
trs/KobylinskiW11,Maria Adriana Vidigal de Lima
tedu/TorrenteLMF09,Maria Adriana Vidigal de Lima
tcsb/Guerriero09,Maria Adriana Vidigal de Lima
topnoc/Elhog-BenzinaHH12,Kazuhiro Seki
tedu/FangLYY12,Kazuhiro Seki
tcos/SherstyukK14,Kazuhiro Seki
jgtools/Frisvad12,Pyung Soo Kim
tlsdkcs/AkbariniaTPVL11,Pyung Soo Kim
tedu/Dong18,Pyung Soo Kim
tcos/ThepadeDG15,Liam McDaid
tedu/HulusicR13,Liam McDaid
tcos/HalleVCD12,Liam McDaid
tcos/CortesiFHZ18,Ralf Mitschke
tcos/Leandre10,Ralf Mitschke
tcci/Otamendi13,Ralf Mitschke
topnoc/MostellerCH16,Norie Fu
tcos/Attene17,Norie Fu
tlsdkcs/0001RA16,Norie Fu
tlsdkcs/NguyenD16,Guofang Shen
trs/PatraN11,Guofang Shen
tedu/HeLZ12,Guofang Shen
jgtools/MousasNA13,Christian Glodt
tcos/Oshita14,Christian Glodt
trs/Grzymala-Busse13,Christian Glodt
taosd/Laddad11,Maria Danese
tdhms/Yamaguchi14,Maria Danese
tlsdkcs/MishraM016,Maria Danese
tcos/RegazzoniEPGGMDPPLI09,Madalina M. Drugan
tcos/LiuSZL09,Madalina M. Drugan
jods/AtzeniBBG09,Madalina M. Drugan
tcci/BakCJ13,Piotr Grochowalski
tedu/ZhangMLYZ11,Piotr Grochowalski
tlsdkcs/PatelHL13,Piotr Grochowalski
trs/LiuLL14,Hania Ibn Marai
trs/MaciochaK09,Hania Ibn Marai
tedu/PanZ11,Hania Ibn Marai
tedu/KarimGMBB11,S. R. Kannan
tcos/DasTG17,S. R. Kannan
fomac/HavelundK16,S. R. Kannan
tcsb/JackP09,Chung-Hsien Tsai
trs/MoshkovSS10,Chung-Hsien Tsai
tedu/LiSL16,Chung-Hsien Tsai
tcos/ChenKCW11,Ahmed Bouridane
tcci/KoszelewO13,Ahmed Bouridane
tlsdkcs/YefernyAB13,Ahmed Bouridane
jods/PinetS09,Oscar Castillo 0001
taosd/HolzerZJE12,Oscar Castillo 0001
tlsdkcs/KorfkampGRSKBBPA16,Oscar Castillo 0001
tcos/LiuSZL09,Marta Cortés
trs/FanLL15,Marta Cortés
trs/NagarajanU11,Marta Cortés
tcos/PangSSCU11,Peter Saffrey
topnoc/NiewiadomskiP15,Peter Saffrey
topnoc/KristensenS13,Peter Saffrey
taosd/SanchezFJC07,Uwe Zdun
tlsdkcs/BahiHHK13,Uwe Zdun
tlsdkcs/MichelFM19,Uwe Zdun
topnoc/ChesaniLMMRS09,Jean-Michel Ilié
tedu/Ruping13,Jean-Michel Ilié
tedu/LehtonenT11,Jean-Michel Ilié
fomac/LegayT16,Jolanta Cybulka
tedu/ZhangX12,Jolanta Cybulka
tcci/OrlowskiZOKSP16a,Jolanta Cybulka
trs/HenryR13,Alexander B. Degtyarev
thipeac/BhadauriaMST09,Alexander B. Degtyarev
tcos/SourinSWG09,Alexander B. Degtyarev
topnoc/BillingtonY09,Naren Kodali
tcos/RenZ08,Naren Kodali
topnoc/SalemDK12,Naren Kodali
tlsdkcs/BondiombouyKLV16,Daya Gupta
taosd/NiuYGELM09,Daya Gupta
tcci/AndersonBH13,Daya Gupta
tedu/LvWGPS13,Shen Wang
tcci/Takahashi12,Shen Wang
jgtools/LeBlancSAB12,Shen Wang
fomac/CelebicBF16,Nagham Alhadad
tlsdkcs/CruzKAK16,Nagham Alhadad
tcci/AbdulrahmanNHRL13,Nagham Alhadad
tcci/Hernes19,Yair Wand
trs/YaoF13,Yair Wand
tedu/MaWD17,Yair Wand
tedu/ZhaiQWFW12,Ryszard Janicki
tcos/SeoKCM09,Ryszard Janicki
trs/Pagliani16,Ryszard Janicki
tcos/HoritaTN14,Hans Vandierendonck
tcci/AbdulrahmanNHRL13,Hans Vandierendonck
topnoc/HeeVSS09,Hans Vandierendonck
jods/SureAS03,Sergey Sivovolenko
tdhms/JiangHT09,Sergey Sivovolenko
tlsdkcs/Leitao09,Sergey Sivovolenko
trs/XuWW14,Eleonora Bilotta
tedu/ShaoY15,Eleonora Bilotta
tedu/ZhangL12b,Eleonora Bilotta
thipeac/LlorenteKWH11,Nicola Paoletti
tedu/HuF10,Nicola Paoletti
tdhms/JohnsonSLGB15,Nicola Paoletti
tcos/NavratS13,Andy Kellens
tdhms/JiangHT09,Andy Kellens
tcsb/Chesi09,Andy Kellens
tedu/ShaoJS11,Yongtian Wang
jods/CleveMH11,Yongtian Wang
thipeac/SusuMAAM07,Yongtian Wang
tedu/LinazaGTT08,Lingbo Liu
topnoc/BrogiCSW16,Lingbo Liu
tcci/CochezTE17,Lingbo Liu
tlsdkcs/DimitrovSM15,Chung In Won
tcci/PiGCL13,Chung In Won
topnoc/KordonGHPJRH16,Chung In Won
tlsdkcs/PhandR16,L. Wen
topnoc/EnnaouiNT18,L. Wen
tcos/MoonsBW09,L. Wen
tcos/Zhang09,Olga Poppe
tcos/TakanamiF19,Olga Poppe
jgtools/IwanickiS12,Olga Poppe
tcsb/ForestieroMPS08,Gaëtan Rey
thipeac/KluyskensE09,Gaëtan Rey
tcos/MostafaviBH10,Gaëtan Rey
tlsdkcs/DangD14,Galina Menshikova
trs/Grzymala-Busse13,Galina Menshikova
tcsb/MeyerSTY08,Galina Menshikova
tcci/MontazeryW18,Chenyang Cui
topnoc/JinLC14,Chenyang Cui
topnoc/MollerHMS18,Chenyang Cui
trs/MazumdarMM10,Shidu Dong
jgtools/Pobegailo13,Shidu Dong
trs/PolkowskiS10,Shidu Dong
tedu/DongYWLL12,Andrei Lihu
tlsdkcs/CostaF15,Andrei Lihu
tcos/LiuSSSCI18,Andrei Lihu
tedu/CaiQSL12,Vladimir V. Mazalov
topnoc/SalemDK12,Vladimir V. Mazalov
tlsdkcs/MahboubiAV19,Vladimir V. Mazalov
tlsdkcs/RoncancioVLS09,Siv Hilde Houmb
topnoc/WangKMS18,Siv Hilde Houmb
tcos/Tujillo-OlayaV10,Siv Hilde Houmb
jods/SaisPR09,Nighat Saeed
tcci/ResconiH12,Nighat Saeed
tcci/CaoNS14,Nighat Saeed
tcci/JhaN15,Alessandro Romanel
jods/DasiopoulouKS09,Alessandro Romanel
tcos/HoumbRRC10,Alessandro Romanel
tlsdkcs/BollweinW18,Norbert Siegmund
tcci/ThorissonSW10,Norbert Siegmund
tlsdkcs/FerraraGMC15,Norbert Siegmund
tcos/ZotosH13,Kuzman Katkalov
tlsdkcs/ChristodoulouPF15,Kuzman Katkalov
topnoc/JensenNOS16,Kuzman Katkalov
tlsdkcs/ChristodoulouSFP18,Haibin Shi
tcos/ArganyMKG11,Haibin Shi
trs/Grzymala-Busse13,Haibin Shi
tlsdkcs/GaoMLHJLBZF16,Ana Paula Rocha 0001
tcos/JiangQT11,Ana Paula Rocha 0001
jods/BrunzelS08,Ana Paula Rocha 0001
tedu/ZhangQ15,Jun Murayama
tedu/HeZ11,Jun Murayama
tcci/KostrzewaMP16,Jun Murayama
tcos/SampaioVPO13,Ernest Foo
tcci/IvanovicIVB18,Ernest Foo
topnoc/Xu09,Ernest Foo
tedu/YangHW11,Wei Zhao
tedu/ZhangPM10,Wei Zhao
tcos/Bondarev13,Wei Zhao
topnoc/BestW13,Stéphane Ducasse
tlsdkcs/MaskatPE16,Stéphane Ducasse
topnoc/AalstHHSVVW09,Stéphane Ducasse
tcos/HaukePH11,Günther Gediga
tcos/SampaioVPO13,Günther Gediga
tedu/MartensDM08,Günther Gediga
topnoc/Mendling09,Naveen Kumar 0001
tcci/Hernes19,Naveen Kumar 0001
tcci/JutteW18,Naveen Kumar 0001
tedu/ZhangL12b,Susanna Donatelli
trs/ElhadiZ08,Susanna Donatelli
tcos/GoukoI10,Susanna Donatelli
tcos/FanLZ11,Huu-Tung Nguyen
trs/PolkowskiA08,Huu-Tung Nguyen
tcsb/ShenhavSLK05,Huu-Tung Nguyen
tcci/Ihrig13,Jin Song Dong
jods/SkoutasSS09,Jin Song Dong
tdhms/XuanSCTNT09,Jin Song Dong
tlsdkcs/TsangKD13,John A. Keane
tcos/GanesanESV13,John A. Keane
tcos/Wang08b,John A. Keane
tedu/LiSL16,Hakim Hacid
jods/PoggiLCGLR08,Hakim Hacid
tedu/ZengWNML12,Hakim Hacid
tedu/FloresM13,Baojiang Cui
tplop/Siddle11,Baojiang Cui
jods/SkoutasSS09,Baojiang Cui
tlsdkcs/AbdelbakiYM15,Wei Lun Lim
thipeac/RullmannM11,Wei Lun Lim
taosd/KouraiHC09,Wei Lun Lim
taosd/GroherV09,Jonghee Park
thipeac/WuYWHRGZ11,Jonghee Park
tlsdkcs/Rahhal17,Jonghee Park
thipeac/CopeCLH11,Abdallah A. Mohamed
tedu/HuHZD13,Abdallah A. Mohamed
jods/SimperlS07,Abdallah A. Mohamed
tcos/KannanRP10,Liang Xu
tlsdkcs/FernandesHP17,Liang Xu
taosd/KienzleDG09,Liang Xu
topnoc/BarylskaBEMP16,Corrado Moiso
tcci/WelshBSW14,Corrado Moiso
tlsdkcs/TruongRN17,Corrado Moiso
tcci/KostrzewaMP16,Jianfeng Ma
taosd/MussbacherAAM10,Jianfeng Ma
tdhms/ChaK10,Jianfeng Ma
trs/BianucciC09,Carlos Carrascosa
tcci/GrappioloMY14,Carlos Carrascosa
tedu/YangXL15,Carlos Carrascosa
trs/SamantaC08,Chengxian Xu
trs/PodsiadloR14,Chengxian Xu
thipeac/SazeidesMCK11,Chengxian Xu
taosd/SilvaVM14,Zhen Liu 0002
tedu/WangS18,Zhen Liu 0002
tcci/JankowskaS13,Zhen Liu 0002
tedu/FengJHWZ12,Hongjun Li
tedu/HuF10,Hongjun Li
tedu/Schoenau-FogBKF13,Hongjun Li
jgtools/Ray12,Khanh-Chuong Duong
tedu/BlasP13,Khanh-Chuong Duong
tcci/KacprzykNZ17,Khanh-Chuong Duong
trs/KhanB10,Paolo Cappellari
trs/PatraN11,Paolo Cappellari
tcos/YildirimU16,Paolo Cappellari
topnoc/MietznerKL09,Michelle S. Wangham
tedu/Ratzka13,Michelle S. Wangham
tedu/TarumiYDKITHY09,Michelle S. Wangham
topnoc/SuriadiOF12,Christian Rohr
taosd/SampaioRCR07,Christian Rohr
tcsb/HeinerLGM09,Christian Rohr
tcsb/WallaceW11,Krzysztof Regulski
tcci/HorakPS12,Krzysztof Regulski
tcci/IfrimKWPMC17,Krzysztof Regulski
tcos/KimWKRBK10,Dileep Kumar Koshley
tcos/FrolovVKG13,Dileep Kumar Koshley
tcos/JayashreeTA17,Dileep Kumar Koshley
tlsdkcs/ZhaZLL15,Reshma Kar
tlsdkcs/Decker17,Reshma Kar
tcsb/DubrovaTT08,Reshma Kar
tcci/TomfordeKMBS18,Jaume Torres
tedu/TatematsuOD15,Jaume Torres
tedu/MartensDM08,Jaume Torres
tlsdkcs/MahfoudI15,Feng Hao
tedu/HuZ18,Feng Hao
topnoc/BarylskaBEMP16,Feng Hao
tedu/ZhangL12b,Ming-Liang Cao
thipeac/RullmannM11,Ming-Liang Cao
trs/SakaiIKN08,Ming-Liang Cao
trs/Bazan08,Xiaoming Zhao
tcos/LiuSZL09,Xiaoming Zhao
trs/Jaworski08,Xiaoming Zhao
tcos/LizarazoE09,Thomas Kister
tlsdkcs/LeclercqGGS19,Thomas Kister
tcsb/PriamiQ05,Thomas Kister
thipeac/HuJK09,Jong Pil Park
jods/AtzeniBBG09,Jong Pil Park
tcos/BediVT10,Jong Pil Park
tcci/GathHV15,Wen Tang
thipeac/GolanderW09,Wen Tang
tedu/TaylorP09,Wen Tang
tplop/PontKB09,Marios Kleanthous
tcci/FerreiraCR15,Marios Kleanthous
tcci/ByrskiKT17,Marios Kleanthous
trs/ZwanSKC08,Decui Liang
tlsdkcs/PhamKMAJVL18,Decui Liang
topnoc/BernardinelloKP16,Decui Liang
tedu/ValentinCGL12,Jun Mitani
trs/MoshkovPZ08,Jun Mitani
tcsb/SaffreyMHVYFBW07,Jun Mitani
tcsb/SmithW08,Bin Wang 0021
tlsdkcs/BouadiCQ13,Bin Wang 0021
trs/SurajG08,Bin Wang 0021
tcos/HoritaTATK15,Oscar Miguel Guillén-Hernández
topnoc/Wester-EbbinghausK13,Oscar Miguel Guillén-Hernández
tcci/DoT15,Oscar Miguel Guillén-Hernández
tedu/UeokaKH09,Mathieu Acher
tcci/CaoNS14,Mathieu Acher
thipeac/LatorreMGCG11,Mathieu Acher
tcos/ArmknechtSSVW10,Patrice Plante
tlsdkcs/Rahhal17,Patrice Plante
tcos/HaukePH11,Patrice Plante
tcos/Veenhuis13,Dan Lin 0001
tlsdkcs/RibeiroCBN18,Dan Lin 0001
tcos/MatsuiS10,Dan Lin 0001
tedu/HuF09,Janusz Kacprzyk
tedu/HuaYDZ12,Janusz Kacprzyk
tlsdkcs/DedzoeLAV13,Janusz Kacprzyk
taosd/AmalioKMG10,Hao-Tian Wu
tcos/SametS17,Hao-Tian Wu
tdhms/LaadjelBKNY10,Hao-Tian Wu
topnoc/DalmasTN18,Leonardo Kandler Bittencourt
fomac/HavelundK16,Leonardo Kandler Bittencourt
tedu/ThinP10,Leonardo Kandler Bittencourt
tdhms/Venturini08,Solange Oliveira Rezende
tlsdkcs/NgD10,Solange Oliveira Rezende
tcos/MaiaBO10,Solange Oliveira Rezende
tcos/YangD11,Marcin Malawski
tcsb/RadulescuSPCL11,Marcin Malawski
tcos/SamihWMKS14,Marcin Malawski
jods/VolzSM05,Elena Dubrova
tcos/Dailyudenko08,Elena Dubrova
trs/JensenC11,Elena Dubrova
tlsdkcs/BouraouiCB11,Victor Khomenko
jods/JaudoinFPT09,Victor Khomenko
trs/MaciochaK09,Victor Khomenko
tedu/HeLZ12,Cédric Lhoussaine
tcos/ZhangJZZ09,Cédric Lhoussaine
fomac/Tripakis16,Cédric Lhoussaine
tlsdkcs/Bench-CaponAW15,Teng Zhang
taosd/MalakutiA14,Teng Zhang
jods/KalfoglouS03,Teng Zhang
tcos/BandyopadhyayRD14,Franz-Erich Wolter
tcos/HarrisonC09,Franz-Erich Wolter
topnoc/NiewiadomskiP15,Franz-Erich Wolter
tcci/Takahashi12,Weiyu Yu
jods/RoserB08,Weiyu Yu
tcos/Wang08a,Weiyu Yu
topnoc/Kohler-BussmeierWM09,Tsai-Yen Li
tlsdkcs/BonifatiSPD14,Tsai-Yen Li
topnoc/RoyS16,Tsai-Yen Li
trs/HeptingSS11,Xiaolei Du
tcci/SinghMXSR18,Xiaolei Du
tlsdkcs/Kern-IsbernerBFT12a,Xiaolei Du
tlsdkcs/Seki15,Yuan Hong
tcos/KimCKS13,Yuan Hong
tlsdkcs/QayumiN18,Yuan Hong
tedu/NeyGBSB10,Fan Min
topnoc/0001DJ13,Fan Min
trs/JiaS14,Fan Min
trs/ChenLLHK08,Eddy Truyen
tlsdkcs/BollweinW18,Eddy Truyen
tedu/CaiY10,Eddy Truyen
tcos/WangWAZJSZ16,Anna Brunström
topnoc/AalstD13,Anna Brunström
tedu/WangW17,Anna Brunström
tlsdkcs/MaWZ15,Michel Toulouse
tedu/KhineS08,Michel Toulouse
tedu/MathieuPP13,Michel Toulouse
topnoc/GogolinskaMP18,Stefan Decker
tcos/TL12,Stefan Decker
tcsb/Wallace12,Stefan Decker
topnoc/MostellerCH16,Tigran Hakobyan
tcos/SharmaA11,Tigran Hakobyan
tdhms/LaadjelBKNY10,Tigran Hakobyan
tedu/WangH12,Louis-Marie Traonouez
tcsb/BlinFRV05,Louis-Marie Traonouez
tcsb/VersariZ12,Louis-Marie Traonouez
trs/Sosnowski19,Antonio Da Cunha
tedu/ZhouPLWL17,Antonio Da Cunha
tcci/ZhaoCTWYXZ15,Antonio Da Cunha
thipeac/PlishkerSKB11,Elisabeth Pécou
tcos/ManousopoulosDT08,Elisabeth Pécou
tcci/MarinheiroC18,Elisabeth Pécou
tcsb/SongSHA05,Nhien-An Le-Khac
tdhms/WeirY10,Nhien-An Le-Khac
topnoc/Verbeek17,Nhien-An Le-Khac
tcos/NescherK13,Xizhao Wang
tcci/KolodziejK13,Xizhao Wang
tcci/OrlowskiZOKSP16c,Xizhao Wang
tdhms/JamzadK08,Michael Kotzyba
trs/MazumdarMM10,Michael Kotzyba
thipeac/FakhreddineAAJ07,Michael Kotzyba
taosd/UrbanLS11,Peter Gjøl Jensen
tcos/IglesiasGC16,Peter Gjøl Jensen
tedu/SunL10,Peter Gjøl Jensen
tcci/ChiangAM16,Christopher J. Henry
tcci/BergamaschiFGS16,Christopher J. Henry
tedu/HuF10,Christopher J. Henry
jods/SegevG07,Gabriel Ciobanu
tdhms/CimatoYW14,Gabriel Ciobanu
tcos/Shumskiy13,Gabriel Ciobanu
tedu/WangCNZSZW12,Jean-Marc Petit
topnoc/ArnoldB12,Jean-Marc Petit
tdhms/CaoK12,Jean-Marc Petit
topnoc/StahlMB09,Thierry Dutoit
tedu/PangQCH10,Thierry Dutoit
tdhms/Al-AssamASJ12,Thierry Dutoit
thipeac/ShiLL07,Fang You
tcos/MaidiMBO13,Fang You
topnoc/Kindler12,Fang You
tlsdkcs/MunozN18,Jianzhong Teng
tcos/NishiuchiT15,Jianzhong Teng
tedu/LinazaGTT08,Jianzhong Teng
tcsb/WallaceW08,Ian Watson
tedu/ZhangP12,Ian Watson
tedu/ZhaoCWZ16,Ian Watson
trs/MoshkovPZ08,Karan Mitra
thipeac/VandierendonckS09,Karan Mitra
topnoc/ReichertRD09,Karan Mitra
tcos/ThapliyalAS09,Daniel Moldt
tcos/GutierrezVR14,Daniel Moldt
jods/NiinimakiN09,Daniel Moldt
tcos/MaidiMBO13,Chunmei Liu
taosd/KienzleDG09,Chunmei Liu
tedu/JiangNTLLH16,Chunmei Liu
tlsdkcs/FengLHD13,Kenneth Matheis
thipeac/ChanetCMNB09,Kenneth Matheis
tcci/DabbechiNBH18,Kenneth Matheis
tedu/TaylorP09,Karin Svensson
tedu/KangOW09,Karin Svensson
tcos/Greer09,Karin Svensson
tdhms/Vila-ForcenVKPP08,Yi He
tcos/HonidenHSW10,Yi He
topnoc/RoyS16,Yi He
tcci/GathHV15,Sana Fathallah Ben Abdenneji
tcsb/Roux-RouquieS05,Sana Fathallah Ben Abdenneji
tcos/ShamsuddinULW13,Sana Fathallah Ben Abdenneji
tcos/HoumbRRC10,Keyang Cheng
tedu/KimN12,Keyang Cheng
tlsdkcs/WangJRMZLKPG15,Keyang Cheng
tcci/Recio-GarciaDGS10,Josef Weidendorfer
thipeac/HuJK09,Josef Weidendorfer
tedu/Paiva08,Josef Weidendorfer
tcos/Attene17,Yanping Lin
tlsdkcs/MohaniaBRCG09,Yanping Lin
tlsdkcs/MamiBC16,Yanping Lin
tlsdkcs/Decker17,Assaf Marron
trs/Grzymala-BusseR08,Assaf Marron
topnoc/WestergaardK12,Assaf Marron
tedu/BacklundTEJLSSPS13,Wanxing Sheng
jods/RinderleR07,Wanxing Sheng
tcci/WauteletKK11,Wanxing Sheng
topnoc/KristensenS13,David R. Kaeli
tcos/SayedUPPR16,David R. Kaeli
tlsdkcs/Quang-HungTS14,David R. Kaeli
trs/XuWW14,Arend Rensink
topnoc/EnnaouiNT18,Arend Rensink
tcos/XiangLTZP11,Arend Rensink
tedu/KlopferO13,Alexander Borgida
tlsdkcs/TryfonopoulosIKR14,Alexander Borgida
tlsdkcs/CaoBS12a,Alexander Borgida
taosd/BynensTJ11,Zhicheng Ni
tcci/JonkerSTWW10,Zhicheng Ni
taosd/KaminaAM16,Zhicheng Ni
tcos/ChhabraS10,Katsutoshi Ootsubo
tcos/Polkowski08,Katsutoshi Ootsubo
tedu/JiangYTLZH15,Katsutoshi Ootsubo
tedu/YangXL15,Lorenzo Mossucca
tdhms/MakrushinSV12,Lorenzo Mossucca
tcsb/Priami07,Lorenzo Mossucca
tlsdkcs/ThanhD15,Mohamed Medhat Gaber
tedu/WangHW09,Mohamed Medhat Gaber
tcos/HounsellBS14,Mohamed Medhat Gaber
tcos/ThapliyalJNA13,Adam Welc
tcsb/Priami07,Adam Welc
trs/JiaS14,Adam Welc
tedu/YunJL09,Mark Richardson
topnoc/DarondeauR12,Mark Richardson
tlsdkcs/GomesS15,Mark Richardson
topnoc/CalzolaiNLT08,Stefan Tolic
tlsdkcs/YanJ15,Stefan Tolic
tcci/BellingerO12,Stefan Tolic
tcci/OrlowskiZOKSP16d,Jianxin Luo
tedu/WangGYT17,Jianxin Luo
tcos/DuttaPG10,Jianxin Luo
tlsdkcs/Ait-SadouneA13,Israel Waldman
topnoc/KoutnyP12,Israel Waldman
tcos/BessonovV10,Israel Waldman
tedu/WeiL10,Valentin Cristea
tcos/Wang08,Valentin Cristea
tcos/MajewskiBMK13,Valentin Cristea
tedu/FloresM13,Gheorghi Guzun
tlsdkcs/AlgergawyMSES14,Gheorghi Guzun
topnoc/MarroneMNPRV12,Gheorghi Guzun
tcos/KushwahaS15,Xin Tong
tlsdkcs/Seki15,Xin Tong
tedu/DongLB11,Xin Tong
tedu/RiekkiCHSK13,Judie Attard
topnoc/BarylskaBEMP16,Judie Attard
tcos/BessonovV10,Judie Attard
taosd/TeruelWDN14,Chandan Bandyopadhyay
tlsdkcs/TranNLV16,Chandan Bandyopadhyay
tlsdkcs/Liroz-GistauAPPV13,Chandan Bandyopadhyay
tlsdkcs/GilFT19,Hong Xiao
tedu/PengHZL09,Hong Xiao
topnoc/PuhlmannW09,Hong Xiao
tlsdkcs/MinhT17,Ursula Kummer
tcos/BhaumikC09,Ursula Kummer
tcos/FanZT10,Ursula Kummer
jods/EuzenatMSSS11,Piotr Paszek
tedu/ZhangW11,Piotr Paszek
tedu/SuJ15,Piotr Paszek
jods/BettiniWJ05,Márcio Ribeiro
topnoc/BillingtonY09,Márcio Ribeiro
tlsdkcs/KohD13,Márcio Ribeiro
tcos/AleshinABKKN12,Yongzhi Zhang
trs/HeptingSS11,Yongzhi Zhang
tcci/DuPN18,Yongzhi Zhang
tcos/FuWYWZZ16,Karen Aline Alves Bezerra
tcos/MenshikovaBLPZ13,Karen Aline Alves Bezerra
tcsb/HeinerLGM09,Karen Aline Alves Bezerra
tcci/Capkovic11,Andrea Calì
jods/BorgidaS03,Andrea Calì
topnoc/BestW13,Andrea Calì
trs/MajiP08,Zeljko Obrenovic
tedu/ThinP10,Zeljko Obrenovic
tlsdkcs/NguyenD16,Zeljko Obrenovic
taosd/BergCH07,Andrej Ferko
tcci/OommenH12,Andrej Ferko
thipeac/AnsariLKJKW11a,Andrej Ferko
tlsdkcs/SouzaPKTS11,Barbara Gladysz
tcos/TsumotoH08,Barbara Gladysz
thipeac/KhanK11,Barbara Gladysz
jods/PoggiLCGLR08,Evaggelia Pitoura
tcos/ShrivastavaBTC13,Evaggelia Pitoura
tcci/Aydin10,Evaggelia Pitoura
tcos/Diaz-ParraRBS13,Shuping Xiong
tcos/RahmanG17,Shuping Xiong
tcos/ChaurasiaV11,Shuping Xiong
taosd/MalakutiA14,Shijun Xiang
tlsdkcs/Iam-onB13,Shijun Xiang
tcci/ZagarO13,Shijun Xiang
tcci/TianYCM11,Hao Ma
tedu/Yang15,Hao Ma
tcos/HoritaTN14,Hao Ma
tcos/TingZH11,Stephan G. Lukosch
tedu/OhW08,Stephan G. Lukosch
jods/RinderleR07,Stephan G. Lukosch
tcci/IoannouV16,Sebastian Bödelt
tedu/Schoenau-FogBKF13,Sebastian Bödelt
topnoc/BergenthumS15,Sebastian Bödelt
tcsb/CoppoDDGGT11,Michinori Nakata
tcos/Oshita14,Michinori Nakata
tedu/LiWD08,Michinori Nakata
tcos/KodamaSK12,Ina Schieferdecker
jods/GeorgeS06,Ina Schieferdecker
topnoc/Brabrand08,Ina Schieferdecker
taosd/NguyenNKMT13,Yi Jin
tcos/SahaKMG13,Yi Jin
tcsb/Roux-RouquieS05,Yi Jin
tcos/MadureiraPA13,Xiaojuan Hu
tcci/Hernes15,Xiaojuan Hu
taosd/MussbacherAAM10,Xiaojuan Hu
thipeac/NagarajanGK09,Wolfgang Müller 0004
jods/WangP08,Wolfgang Müller 0004
topnoc/HerajySH13,Wolfgang Müller 0004
trs/Polkowski19a,Li Zha
topnoc/BergenthumDHM12,Li Zha
tcos/ElbazTSGBM10,Li Zha
tcos/PereiraMOA13,Panagiotis Zaharias
tedu/Delgado-MataIGG08,Panagiotis Zaharias
tcci/Kubik11,Panagiotis Zaharias
tcci/BarbuchaCJRW10,Federico Liberatore
tedu/ShiCC12,Federico Liberatore
tcos/TianWH09,Federico Liberatore
taosd/BergCH07,A. V. Porubov
tcci/Stach17,A. V. Porubov
tedu/AsaiKMB10,A. V. Porubov
tlsdkcs/VilladsenS17,Mark Christiaens
trs/MoshkovPZ08,Mark Christiaens
topnoc/RussellH09,Mark Christiaens
tlsdkcs/MohaniaBRCG09,Grzegorz Rozenberg
tlsdkcs/MamiBC16,Grzegorz Rozenberg
tcci/DuolikunE019,Grzegorz Rozenberg
thipeac/WadaHMSNSKK11,Abbes Amira
thipeac/SonK07,Abbes Amira
tcos/HoumbRRC10,Abbes Amira
tcos/TcholtchevS14,Pawel Zwan
tcos/0002SNN12,Pawel Zwan
tedu/JiaZZL10,Pawel Zwan
topnoc/KordonGHPJHABBEJBLMSTPW18,Adelinde M. Uhrmacher
tlsdkcs/SessomsA14,Adelinde M. Uhrmacher
tcos/Zhang08,Adelinde M. Uhrmacher
tedu/LiLCD15,Michel Riveill
tcci/ResconiH12,Michel Riveill
tcos/TomarVT13,Michel Riveill
tlsdkcs/Fegaras18,Daryl H. Hepting
tlsdkcs/PoppeGRB13,Daryl H. Hepting
tcos/SayedUPPR16,Daryl H. Hepting
tcci/LorkiewiczKK12,Jean Krivine
tcos/LiuL08,Jean Krivine
tcsb/Ciocchetta08,Jean Krivine
topnoc/KordonLBCELLPTW12,Hideaki Hibino
tcci/PiGCL13,Hideaki Hibino
tcci/Czarnowski11,Hideaki Hibino
tcci/HarelKMW14,Marcin Wolski
tlsdkcs/BouadjenekHB19,Marcin Wolski
taosd/TigliLRFHAVR12,Marcin Wolski
tcsb/JohnLNU10,S. R. Biradar
tcsb/CiocchettaDHH10,S. R. Biradar
tedu/Ruping13,S. R. Biradar
tedu/PuXQHD15,Radoslaw Rudek
tedu/TaylorP09,Radoslaw Rudek
tedu/CaoJLP18,Radoslaw Rudek
tlsdkcs/AtkinsonBD12,Lingkang Gu
tcci/BriataF17,Lingkang Gu
tlsdkcs/PhamKMAJVL18,Lingkang Gu
trs/Jaworski08,Saurabh Kotiyal
tedu/WangWH11,Saurabh Kotiyal
tedu/Zhang13,Saurabh Kotiyal
tcci/KapustaMD15,Tomokazu Yamamoto
tcos/Wang08b,Tomokazu Yamamoto
tcos/GuptaSS15,Tomokazu Yamamoto
tcci/FerreiraCR15,Axel Jantsch
tcci/TagarevTA17,Axel Jantsch
tcos/HarrisonC09,Axel Jantsch
tcci/NagataTK13,Hao Tu
tcos/AliWLSWZ16,Hao Tu
topnoc/WagnerQMR12,Hao Tu
tcos/FujiiS10,Mirjana Ivanovic
tedu/LiZWW13,Mirjana Ivanovic
tcos/HarrisonW10,Mirjana Ivanovic
topnoc/BaldanCKS08,Sebastian Lehrack
tcos/HoritaTN14,Sebastian Lehrack
tlsdkcs/ThiCL17,Sebastian Lehrack
tcos/LiWY10,Joachim Schick
thipeac/GoudarziIN11,Joachim Schick
trs/SunMZ10,Joachim Schick
trs/HanP08,Gloria Brown-Simmons
tdhms/KraetzerD12,Gloria Brown-Simmons
tcos/Polkowski08,Gloria Brown-Simmons
tedu/CaiICZ08,José Luis Fernández Alemán
tcci/FrasheriCE18,José Luis Fernández Alemán
topnoc/DarondeauR12,José Luis Fernández Alemán
tcos/FanZT10,Jorge A. Ruiz-Vanoye
tedu/PangQCH10,Jorge A. Ruiz-Vanoye
tcsb/Priami07,Jorge A. Ruiz-Vanoye
tlsdkcs/Bench-CaponAW15,Son Thanh Le
tdhms/LaadjelBKNY10,Son Thanh Le
trs/Wolski09,Son Thanh Le
tedu/LiuMGWL16,Sajid Ali
tcsb/ChopraB08,Sajid Ali
jods/SaboudM08,Sajid Ali
tcsb/AngiusHW12,Salim Chitroub
jgtools/ChampagnatS12,Salim Chitroub
tedu/ChenZT15,Salim Chitroub
topnoc/EisentrautH08,Andreas Rüping
tlsdkcs/YaishGF15,Andreas Rüping
tcos/UteshevY16,Andreas Rüping
tedu/MolnarK16,Chengtao Wang
tlsdkcs/EderDSS09,Chengtao Wang
tcos/SahaKMG13,Chengtao Wang
tcos/LindskogB09,Zhipeng Xu
topnoc/CortadellaKBCJ08,Zhipeng Xu
topnoc/MostellerCH16,Zhipeng Xu
tlsdkcs/DangD14,Leonardo Andrade Ribeiro
tedu/LiuAGH12,Leonardo Andrade Ribeiro
tplop/Hentrich09,Leonardo Andrade Ribeiro
tcci/ThabetHG13,Min Lu
tcos/SultanaPG16,Min Lu
tedu/JiZZ12,Min Lu
topnoc/MontaliR17,Karl-Ingo Friese
topnoc/HeeHHPT10,Karl-Ingo Friese
tcci/BriataF17,Karl-Ingo Friese
trs/Ziarko08,Maria Semeniuk-Polkowska
tdhms/JiangHT09,Maria Semeniuk-Polkowska
tcos/LiWY10,Maria Semeniuk-Polkowska
tcos/JainBC15,Tomasz Sitek
tedu/BadaTERC12,Tomasz Sitek
jods/WuLCX11,Tomasz Sitek
tcci/MereloLFGCCRMGTCC16,Srikanth B. Yoginath
thipeac/CanedoAS09,Srikanth B. Yoginath
tlsdkcs/ScheweGIKNKKFZ15,Srikanth B. Yoginath
tlsdkcs/Jamil11,Laurie Ricker
tlsdkcs/NalepaBZ18,Laurie Ricker
tlsdkcs/LeitaoVA09,Laurie Ricker
topnoc/Wester-EbbinghausMK10,Lionel Torres
tcos/AthanasopoulosUC11,Lionel Torres
tcci/Bedkowski13,Lionel Torres
taosd/HolzlKZ10,Sajal Mukhopadhyay
thipeac/DevosCVS11,Sajal Mukhopadhyay
tcci/RodriguesDFCOC15,Sajal Mukhopadhyay
tcci/Nalepa11,Philipp L. Rautenberg
tcos/VassevM12,Philipp L. Rautenberg
taosd/KaminaAM16,Philipp L. Rautenberg
topnoc/WagnerQMR12,Mohammed Haddad
tplop/MahoneyE09,Mohammed Haddad
tdhms/Vila-ForcenVKPP08,Mohammed Haddad
tcos/FujiiS10,Effie Lai-Chong Law
tcci/OommenH12,Effie Lai-Chong Law
trs/BonikowskiW08,Effie Lai-Chong Law
tcos/MiocAGM10,János Abonyi
tlsdkcs/EndrisGLMVA18,János Abonyi
trs/LeJ08,János Abonyi
tlsdkcs/TepandiLLRPPD17,Hong Cao
tlsdkcs/Decker17,Hong Cao
jgtools/NunesVRFT12,Hong Cao
tcci/HorvatGB10,Luisa Lanfranco
tcci/PiskorskiTAGZ11,Luisa Lanfranco
tedu/ShengLYAZZ16,Luisa Lanfranco
tcos/OhmoriK13,Hsien-Hsin S. Lee
tedu/MirriSRG11,Hsien-Hsin S. Lee
tedu/Kutay13,Hsien-Hsin S. Lee
topnoc/CalzolaiNLT08,Susanne Sperring
tcos/WangYW08,Susanne Sperring
tlsdkcs/BondiombouyKLV16,Susanne Sperring
tdhms/YamadaEY12,Hanen Ameur
jgtools/MousasNA13,Hanen Ameur
tedu/NeyGBSB10,Hanen Ameur
tlsdkcs/Ait-SadouneA13,Colin Bellinger
tlsdkcs/KombiLLRB19,Colin Bellinger
tcci/FreixasP17,Colin Bellinger
tcci/Kamide12,Pavel Shvaiko
tedu/LiuFLX16,Pavel Shvaiko
taosd/Laddad11,Pavel Shvaiko
tlsdkcs/Jamil11a,Silja Meyer-Nieberg
tlsdkcs/AmaviA14,Silja Meyer-Nieberg
tlsdkcs/SakkaD12,Silja Meyer-Nieberg
tlsdkcs/YoshimuraASBR16,Bing Jia
topnoc/PuhlmannW09,Bing Jia
tcos/Kenwright13,Bing Jia
tcos/LimLSLKSKAW18,Vo Thanh Vinh
trs/NagarajanU11,Vo Thanh Vinh
tedu/ErsotelosD11,Vo Thanh Vinh
trs/Wolski08a,Thomas Nielsen
tcci/AbdulrahmanNHRL13,Thomas Nielsen
tdhms/ZmudzinskiSB12,Thomas Nielsen
tcci/XuNTS15,Maria Luisa Guerriero
thipeac/KlugOWT11,Maria Luisa Guerriero
tcos/Kravchenko18,Maria Luisa Guerriero
tcci/FernandesLMCR16,Xiaohong Jiang
tcci/Husakova18,Xiaohong Jiang
trs/BazanBPBSD15,Xiaohong Jiang
trs/EklundG08,Thomas Kemmerich
tcos/CostaNM10,Thomas Kemmerich
tcci/FrasheriCE18,Thomas Kemmerich
tcos/IslamHH09,Michael Athanasopoulos
tdhms/AycockC15,Michael Athanasopoulos
thipeac/OBoyleBC07,Michael Athanasopoulos
tcos/El-TawilA10a,Sonia Bergamaschi
tedu/ZhaoCWZ16,Sonia Bergamaschi
trs/Gomolinska08,Sonia Bergamaschi
tedu/ShenJZFL17,Gianluca Mura
tlsdkcs/NguyenNW13,Gianluca Mura
tplop/VainsencherB09,Gianluca Mura
tcci/KolodziejK13,Shaowen Gao
tedu/HorvathDSS09,Shaowen Gao
tedu/ChenZJP09,Shaowen Gao
tlsdkcs/ThalheimD16,Yiyu Cai
tcos/KodamaSK12,Yiyu Cai
tcci/JankowskaS13,Yiyu Cai
tcci/JakielaLO12,João Marinheiro
thipeac/PinterW07,João Marinheiro
tcos/TerleckiW08,João Marinheiro
tcci/IliadisADS18,Aviv Segev
trs/ChenLLHK08,Aviv Segev
tcos/RemolarCQGCRR11,Aviv Segev
tcos/NK13,Francesco Regazzoni
tcci/JascanuJB12,Francesco Regazzoni
tlsdkcs/CaoBS12a,Francesco Regazzoni
tedu/HuangH15,Sachie Yamaji
tcos/PrakashTC12,Sachie Yamaji
tedu/MaoLMT11,Sachie Yamaji
tedu/ShiratuddinW12,Andrzej Mizera
thipeac/HoogerbruggeT11,Andrzej Mizera
tdhms/BierbrauerF08,Andrzej Mizera
taosd/KaminaAMT16,Nuno Amálio
tlsdkcs/DuongBGLSV18,Nuno Amálio
tedu/WeiL10,Nuno Amálio
tdhms/MeerwaldU12,Xiaolin Cao
tedu/GuoXCZ10,Xiaolin Cao
tedu/ChelghoumWW17,Xiaolin Cao
tcci/JbeliSA18,Christoph Bockisch
tedu/ZhangZ17,Christoph Bockisch
tcos/DuttaD09,Christoph Bockisch
tlsdkcs/BahiHHK13,Parisa Ghodous
tedu/PengMZW17,Parisa Ghodous
tcci/KacprzakKTBGLR11,Parisa Ghodous
tdhms/YanWESN14,Pradheepkumar Singaravelu
trs/Henry12,Pradheepkumar Singaravelu
taosd/BritoVMR07,Pradheepkumar Singaravelu
tcos/KasperOP10,Shuzhi Sam Ge
thipeac/SusuMAAM07,Shuzhi Sam Ge
tcsb/ForestieroMPS08,Shuzhi Sam Ge
tlsdkcs/Jamil11a,Michael Westergaard
jods/SaboudM08,Michael Westergaard
tedu/ZengWNML12,Michael Westergaard
topnoc/HeinerRST16,Hong Min
tcci/Keinanen10,Hong Min
tedu/KwakNVHF11,Hong Min
tlsdkcs/BianchiniCAFQT14,Sabah Jassim
tcci/DuPN18,Sabah Jassim
tcos/HouS11,Sabah Jassim
tlsdkcs/MatuleviciusNUN17,Krzysztof Fonal
tedu/KoenitzHFS13,Krzysztof Fonal
tcci/PalettaH10,Krzysztof Fonal
tdhms/Yamaguchi14,Kirill Ivanov
tlsdkcs/BollweinW18,Kirill Ivanov
tcci/OSheaBC12,Kirill Ivanov
topnoc/RussellH09,Sylwia Dziedzina
tedu/ShenJZFL17,Sylwia Dziedzina
tlsdkcs/MaraslisCTO16,Sylwia Dziedzina
tcci/Barbucha13,Jon A. Preston
tedu/LiZWW13,Jon A. Preston
tcci/TagarevTA17,Jon A. Preston
tcos/Devai18,Olga Barinova
tcos/MohamedA09,Olga Barinova
tlsdkcs/CruzKAK16,Olga Barinova
tcsb/WallaceW09,Matthias Nickles
tcos/KlimenkoKKNNMT17,Matthias Nickles
tlsdkcs/BadrV15,Matthias Nickles
topnoc/HeeVSS09,Zhihong Feng
topnoc/DarondeauR12,Zhihong Feng
tcci/LettmannBEK11,Zhihong Feng
tedu/HePZ17,Hao Jiang 0013
tlsdkcs/BorekSKR16,Hao Jiang 0013
tcos/LiuL08,Hao Jiang 0013
jods/EuzenatMSSS11,Sébastien Monnet
tedu/CaoLCP18,Sébastien Monnet
topnoc/ValmariH17,Sébastien Monnet
tcos/JhaLN13,Alsayed Algergawy
tcci/Heudin18,Alsayed Algergawy
tcos/LiWWP12,Alsayed Algergawy
tcos/LachmundH10,George Karabatis
tcsb/KolliLHPP05,George Karabatis
tedu/WangWH11,George Karabatis
thipeac/RyooURKFH07,Li Wang
trs/AzadCMZ15,Li Wang
tlsdkcs/RoncancioVLS09,Li Wang
tcos/TakanamiHATK16,Fabien Bonnefoi
tlsdkcs/SassiTO12,Fabien Bonnefoi
tcci/AdanhounmeDA12,Fabien Bonnefoi
jods/BettiniWJ05,Wentong Cai
tcos/RyuM09,Wentong Cai
thipeac/BlumrichSG11,Wentong Cai
tlsdkcs/MargarisV17,Mirabelle Nebut
tedu/BonneaudRCW12,Mirabelle Nebut
tedu/FengJHWZ12,Mirabelle Nebut
tedu/LiLCD15,Alan Gara
trs/NguyenN15,Alan Gara
topnoc/KordonLBCELLPTW12,Alan Gara
tcci/KoszelewO13,Ming-Chang Lee
trs/Bazan08,Ming-Chang Lee
tcos/TomarV11,Ming-Chang Lee
tdhms/LiuC15,David Tse Jung Huang
tdhms/Gloe12,David Tse Jung Huang
topnoc/WestergaardFS13,David Tse Jung Huang
tcos/KryzhanovskyVSP13,Konstantinos Demertzis
jods/YangK03,Konstantinos Demertzis
tlsdkcs/MahfoudI15,Konstantinos Demertzis
tdhms/YangJK11,Paola Bonfante
tedu/Sauve09,Paola Bonfante
tcos/CardonaS14,Paola Bonfante
tcci/NalepaF10,Sara Cadegnani
tcos/MatsuiS10,Sara Cadegnani
tcci/Lloyd-KellyGL15,Sara Cadegnani
tdhms/ItoK10,Veronica Rossano
taosd/NinoMCC09,Veronica Rossano
tedu/LeeWF10,Veronica Rossano
tedu/ZhaoW11,Jasmin Fisher
tedu/ZhangZ17,Jasmin Fisher
taosd/MehnerMT09,Jasmin Fisher
tedu/LeePL11,Xun Zhang
tcos/AntonMG09,Xun Zhang
topnoc/Lopez-GraoC12,Xun Zhang
tcos/Wang09,Tore Risch
tedu/ChenZJP09,Tore Risch
tlsdkcs/BouraouiCB11,Tore Risch
topnoc/Aalst09,Gill Barequet
tcos/HeWF13,Gill Barequet
tcsb/Dressler07,Gill Barequet
tcci/Sosnowska17,Ryohei Nakatsu
tcos/TingZH11,Ryohei Nakatsu
jods/Pierra08,Ryohei Nakatsu
topnoc/Wolf09,Luka Vrdoljak
tcsb/WallaceW11,Luka Vrdoljak
topnoc/Elhog-BenzinaHH12,Luka Vrdoljak
tlsdkcs/ServajeanPLAA15,Claus Vielhauer
tcci/RawatJSR18,Claus Vielhauer
thipeac/BeiuMKM11,Claus Vielhauer
tcci/PiskorskiTAGZ11,Nadia Nedjah
tcci/NagataTK13,Nadia Nedjah
trs/YinDG11,Nadia Nedjah
tcci/OSheaBC12,Michael Mrissa
tcos/StorozhilovaLYS13,Michael Mrissa
tcci/VinhA16,Michael Mrissa
tedu/ZhaoCWZ16,Adrian Holzer
thipeac/HenryN11,Adrian Holzer
tlsdkcs/VirgilioB14,Adrian Holzer
taosd/AmalioKMG10,Qiang Cai
tcos/TilmanneD12,Qiang Cai
tcos/ZohraG18,Qiang Cai
trs/Cyran08,Mohamad Shalleh Bin Suja'ee
tedu/ChangC12,Mohamad Shalleh Bin Suja'ee
tdhms/ZhaoSA12,Mohamad Shalleh Bin Suja'ee
taosd/KaminaAM16,Yang Shen
tcos/AthanasopoulosUC11,Yang Shen
jods/PapastefanatosVSV09,Yang Shen
tdhms/SubramanyamE11,Joanna Putz-Leszczynska
tcsb/CoppoDDGGT11,Joanna Putz-Leszczynska
tcos/ItoSYM14,Joanna Putz-Leszczynska
tedu/ShenJSPHH15,Thibaut Gaudin
tdhms/Venturini08,Thibaut Gaudin
trs/MalyszkoS11,Thibaut Gaudin
tdhms/YanWESN14,Lifeng Yu
trs/OrlowskaR08,Lifeng Yu
jods/SantosMQV08,Lifeng Yu
tcos/LiuS13,Roberto Minerva
tcci/TanLZF15,Roberto Minerva
tcci/Bedkowski13,Roberto Minerva
fomac/HolzlG16,Zhengxin Fu
tcci/HoogendoornTWW11,Zhengxin Fu
tedu/LuoNCJDH12,Zhengxin Fu
tcci/YamamotoYO11,Irina A. Lomazova
trs/WuM11,Irina A. Lomazova
tlsdkcs/PappelPTD17,Irina A. Lomazova
tedu/Brown-SimmonsKKY09,Elena Grassi
tcci/DawoudSR19,Elena Grassi
tlsdkcs/YanJ15,Elena Grassi
trs/XuWW14,Steven Zhiying Zhou
tcci/Meyer-NiebergK18,Steven Zhiying Zhou
jods/BrunzelS08,Steven Zhiying Zhou
tcci/WangMMZ15,Jintu Fan
fomac/SteffenN16,Jintu Fan
tcos/DaneseLM09,Jintu Fan
tdhms/YangJK11,Romy Wolff
tcos/MorozovGFS13,Romy Wolff
topnoc/DongenMW09,Romy Wolff
tlsdkcs/GaoMLHJLBZF16,Massimo Mecella
thipeac/Stenstrom07,Massimo Mecella
tcos/Jamili15,Massimo Mecella
tdhms/SutthiwanSZNS11,Anastasia Analyti
tedu/SourinaTW09,Anastasia Analyti
trs/Wojnarski08,Anastasia Analyti
jods/EuzenatMSSS11,Emir Muñoz
tcci/SinghMXSR18,Emir Muñoz
tedu/Berger012,Emir Muñoz
topnoc/KoutnyP12,Christel Baier
tlsdkcs/TruongRN17,Christel Baier
tcos/Marghany09,Christel Baier
trs/Nguyen08,Evgeny Erofeev
tcos/Livesu19,Evgeny Erofeev
tlsdkcs/MargarisV18,Evgeny Erofeev
tcci/BennajehBSA18,Paraskevi Raftopoulou
tcsb/NakhlehW05,Paraskevi Raftopoulou
tcos/MasangoMAM18,Paraskevi Raftopoulou
taosd/CiraciHABB10,Thomas D. Dickerson
topnoc/Wolf09,Thomas D. Dickerson
tcos/VinhB08,Thomas D. Dickerson
tedu/ZhangMLYZ11,Ivan Lizarazo
tcci/SitekW18,Ivan Lizarazo
tcos/MenshikovaBLPZ13,Ivan Lizarazo
trs/Jiao11,Razak Seidu
tcci/LathamCME12,Razak Seidu
tedu/WangYXYM09,Razak Seidu
tcci/HorvatGB10,Vicki Smith
tdhms/WuC12,Vicki Smith
tlsdkcs/0001RA16,Vicki Smith
tcsb/LarcherPR10,Marius Strum
tcos/KanamoriYHMF16,Marius Strum
topnoc/DanoyBB10,Marius Strum
trs/MitraMC08,Smaïl Niar
tedu/LiangXLLZ11,Smaïl Niar
tedu/HanQ18,Smaïl Niar
tdhms/MakrushinSV12,Nick C. Russell
tcci/Treur19,Nick C. Russell
thipeac/NingK07,Nick C. Russell
tcci/HuangC11,Wolfgang Reisig
thipeac/ChanetCMNB09,Wolfgang Reisig
tedu/ShiratuddinW12,Wolfgang Reisig
topnoc/WagnerQMR12,Tsung-Yuan Liu
tcsb/LeiD05,Tsung-Yuan Liu
tcos/ElbazTSGBM10,Tsung-Yuan Liu
trs/PolkowskiS10,Frantisek Capkovic
tcci/Husakova18,Frantisek Capkovic
tdhms/LiuYZG11,Frantisek Capkovic
tedu/Hu08,François Pinet
tcci/Begier11,François Pinet
tcos/JarvisH11,François Pinet
tcci/Bolon-CanedoRSA15,Krzysztof Kaczmarski
tcsb/MizeraCP12,Krzysztof Kaczmarski
tlsdkcs/CraveiroAM16,Krzysztof Kaczmarski
tcci/JascanuJB12,Colas Schretter
tlsdkcs/WorksR14,Colas Schretter
tcsb/ChopraB08,Colas Schretter
tcci/FernandesLMCR16,Dimitrios Skoutas
tcos/JayashreeTA17,Dimitrios Skoutas
tcci/Hayashi18,Dimitrios Skoutas
tcos/MorozovGFS13,Haichao Shi
tedu/LinL11,Haichao Shi
tcci/UrbanoRO11,Haichao Shi
jods/WuLCX11,Monica De Martino
tlsdkcs/VirgilioB14,Monica De Martino
trs/TrabelsiEL11,Monica De Martino
topnoc/BruneoLP12,Xialai Wu
tcos/MatrosovIS13,Xialai Wu
tcos/Tujillo-OlayaV10,Xialai Wu
tcci/WangMYW15,Mahmut T. Kandemir
tlsdkcs/MarquesuzaaELNL16,Mahmut T. Kandemir
taosd/MussbacherAAM10,Mahmut T. Kandemir
tcci/SmithSW14,Lu Qian
tlsdkcs/FerrarottiHLMM13,Lu Qian
tlsdkcs/MontoyaISMV14,Lu Qian
tcci/DuolikunE019,Hamid Noori
tplop/Riehle11,Hamid Noori
tcci/DinhA14,Hamid Noori
tedu/YanFY12,Naoki Aoyagi
tlsdkcs/QayumiN18,Naoki Aoyagi
tdhms/Yamaguchi14,Naoki Aoyagi
tcci/JhaN15,Elisa Burato
tcos/BiasiKK11,Elisa Burato
tedu/LiuFCTYC12,Elisa Burato
tcos/SingaraveluV13,Olivier F. Roux
tcsb/SegataB08,Olivier F. Roux
tcos/ThepadeDG15,Olivier F. Roux
taosd/LanduytbTV11,Zhangguo Shen
tcci/HarelKMW14,Zhangguo Shen
topnoc/BonnefoiCK09,Zhangguo Shen
tdhms/KraetzerD12,Katharina Mehner
tlsdkcs/WorksR14,Katharina Mehner
tlsdkcs/QayumiN18,Katharina Mehner
tedu/ZhangP12,Arthur H. M. ter Hofstede
topnoc/Lopez-GraoC12,Arthur H. M. ter Hofstede
tcos/XuFTXM18,Arthur H. M. ter Hofstede
tedu/HuaYDZ12,Hadi Mohammed
tcci/JaffryT13,Hadi Mohammed
trs/Nguyen08,Hadi Mohammed
tcci/Was12,Michael T. Goodrich
topnoc/LassenD08,Michael T. Goodrich
tlsdkcs/FerrarottiHLMM13,Michael T. Goodrich
tcos/IglesiasGC16,Stefano Paolozzi
thipeac/VandeputteE11a,Stefano Paolozzi
taosd/TeruelWDN14,Stefano Paolozzi
tlsdkcs/HanCJ12a,Hanli Zhao
tedu/Cui16,Hanli Zhao
taosd/FuentesS09,Hanli Zhao
tcci/LiaoWLZQ15,Kokichi Sugihara
tedu/HuangTKWLT09,Kokichi Sugihara
tcos/AliWLSWZ16,Kokichi Sugihara
tedu/KimN12,Ran Kafri
tcos/DasTG17,Ran Kafri
tcos/JayashreeTA17,Ran Kafri
tcci/HorvatVC16,Isaac Corro Ramos
tcci/Selamat11,Isaac Corro Ramos
topnoc/VerbeekPAW08,Isaac Corro Ramos
tcci/Dunin-KepliczS13,Béatrice Bouchou
tcci/Freixas18,Béatrice Bouchou
tcos/MahajanA09,Béatrice Bouchou
tcos/MilesWLTR16,Jan Kantert
tcci/LiuZLDSBM14,Jan Kantert
tlsdkcs/MannaORAL12,Jan Kantert
thipeac/ChanetCMNB09,Krzysztof Walczak 0002
tcos/SingaraveluV13,Krzysztof Walczak 0002
tcos/OhmoriK12,Krzysztof Walczak 0002
tdhms/EchizenYG15,Wenhua Qian
jgtools/Ray12,Wenhua Qian
tcci/StangeKN17,Wenhua Qian
tedu/KlopferO13,Omar Cherkaoui
tcci/DuPN18,Omar Cherkaoui
tcci/HorakPS12,Omar Cherkaoui
topnoc/ChatainH14,Christian Köppe
tcci/KobayashiM16,Christian Köppe
tcsb/MandoiuPT05,Christian Köppe
taosd/AraujoB07,Birger Møller-Pedersen
tcci/ShahamatniaMDRF16,Birger Møller-Pedersen
tcos/KannanSTMR19,Birger Møller-Pedersen
trs/BianucciC09,Huanzhen Xue
tdhms/CimatoYW14,Huanzhen Xue
tlsdkcs/GraefeK10,Huanzhen Xue
trs/MoshkovSS10,Timos K. Sellis
tcos/ZhangJZZ09,Timos K. Sellis
jods/DasiopoulouKS09,Timos K. Sellis
tcos/SampaioVPO13,Akira Kinoshita
tcos/Veenhuis13,Akira Kinoshita
tedu/TatematsuOD15,Akira Kinoshita
tcci/DzienkowskiM12,Derek Nowrouzezahrai
tcci/MughazHG17,Derek Nowrouzezahrai
tcci/Chiu13,Derek Nowrouzezahrai
jods/SantosMQV08,Volker Gruhn
tcci/JutteW18,Volker Gruhn
taosd/TeruelWDN14,Volker Gruhn
tedu/ChristopoulosMAK13,Orlando Troisi
tcci/Treur12,Orlando Troisi
tedu/Yang15,Orlando Troisi
trs/KhanB10,Shenghui Liao
taosd/KienzleGM10,Shenghui Liao
tcsb/BarbutiMMTT08,Shenghui Liao
tcci/FrasheriCE18,Kin Fun Li
tedu/RiedelWJSS13,Kin Fun Li
tcos/HeWF13,Kin Fun Li
tcos/XiaoLYZ14,Nelly Bencomo
trs/AzadCMZ15,Nelly Bencomo
tedu/LiZWW13,Nelly Bencomo
thipeac/LinC11,João Pedro Costa
tlsdkcs/GerlBKB18,João Pedro Costa
tlsdkcs/YanJ15,João Pedro Costa
topnoc/KordonGHPJRH16,Marco Attene
tcsb/AnalouiJ07,Marco Attene
tedu/LuoZCWL12,Marco Attene
tcos/MajewskiBMK13,Evangelos Zotos
tcos/RenZ08,Evangelos Zotos
topnoc/DahmaniIB08,Evangelos Zotos
trs/WuX13,Corin Pitcher
fomac/Steffen16,Corin Pitcher
tcci/Zakrzewska12,Corin Pitcher
topnoc/WestergaardFS13,Kazutaka Furuse
tcos/RahmanG17,Kazutaka Furuse
tlsdkcs/BarahmandG16,Kazutaka Furuse
tcos/KarimipourG13,M. Agnes Saranya
thipeac/LlorenteKWH11,M. Agnes Saranya
tlsdkcs/BasuLCVYSB16,M. Agnes Saranya
tlsdkcs/MetouiBA17,Vikash Kumar Singh
tcos/Phan12,Vikash Kumar Singh
tcci/Dunin-KepliczS13,Vikash Kumar Singh
tcos/SinghS11,Jean-Claude Paul
taosd/TekinerdoganBMTA11,Jean-Claude Paul
tlsdkcs/HarbMLBJ15,Jean-Claude Paul
tlsdkcs/Draheim16,Erwann Wernli
trs/StrakowskiR10,Erwann Wernli
tdhms/EchizenYG15,Erwann Wernli
tedu/CaiY10,Ian David Lockhart Bogle
trs/HanP08,Ian David Lockhart Bogle
tcci/KapustaMD15,Ian David Lockhart Bogle
tedu/KangOW09,Heinrich Söbke
tedu/LiuAGH12,Heinrich Söbke
tlsdkcs/MatuleviciusNUN17,Heinrich Söbke
topnoc/KordonLBCELLPTW12,Alanus von Radecki
tcci/BakCJ13,Alanus von Radecki
thipeac/BosschereLMNOPRSSST07,Alanus von Radecki
tedu/WangHW09,Agostinho C. Rosa
tcci/Husakova18,Agostinho C. Rosa
tcos/PerumallaY14,Agostinho C. Rosa
tedu/YanD17,Philippe Lamarre
topnoc/SuriadiOF12,Philippe Lamarre
tcci/JaffryT13,Philippe Lamarre
tcci/DeniseR14,Xiaoli Dong
taosd/NinoMCC09,Xiaoli Dong
tedu/WangCLZ16,Xiaoli Dong
tedu/SatoLMAI08,Jaroslaw Bak
tcos/YasminS13,Jaroslaw Bak
tcci/HofstedeJV10,Jaroslaw Bak
trs/HanP08,Shahar Maoz
tlsdkcs/QuimbayaRCV11,Shahar Maoz
tdhms/YampolskiyMH14,Shahar Maoz
tedu/PengMZW17,Theodorich Kopetzky
tcci/BhattacharyaC19,Theodorich Kopetzky
tcos/SilomonR18,Theodorich Kopetzky
trs/Janicki11,Arun K. Majumdar
tplop/VainsencherB09,Arun K. Majumdar
tcsb/XuZ05,Arun K. Majumdar
jods/JarrarDM03,Francesco Guerra 0001
topnoc/ShilS15,Francesco Guerra 0001
tlsdkcs/AntwiV16,Francesco Guerra 0001
tlsdkcs/PutzP19,Diana Franklin
tcos/BhattacharyaG13,Diana Franklin
tcos/ThapliyalAS09,Diana Franklin
fomac/SteffenN16,Wolfgang Reif
tlsdkcs/BenouaretL18,Wolfgang Reif
tedu/Choi10,Wolfgang Reif
tlsdkcs/SabesanR12,Raquel Amaro
tedu/PanSBLL15,Raquel Amaro
jods/HerschelHBC06,Raquel Amaro
topnoc/Reisig13,Duong Tuan Anh
thipeac/NethercoteBM07,Duong Tuan Anh
tlsdkcs/GrabockaS15,Duong Tuan Anh
tcos/JovanovicSO09,Shao-Shin Hung
fomac/Steffen16,Shao-Shin Hung
tcci/Capkovic13,Shao-Shin Hung
taosd/KleinFJ07,Thuong-Cang Phan
tcci/SartoriVG16,Thuong-Cang Phan
trs/PodsiadloR14,Thuong-Cang Phan
tcos/HussainHS10,Yuhui Yang
tedu/ZhangQ15,Yuhui Yang
tcci/SchiendorferASR15,Yuhui Yang
jgtools/Ray12,Arnold J. Moleman
taosd/BrabrandRTWB13,Arnold J. Moleman
tedu/ZhaoPH15,Arnold J. Moleman
tcos/GoukoI10,Davide Bertozzi
tedu/NingXZL11,Davide Bertozzi
tedu/CaiICZ08,Davide Bertozzi
tedu/TolicH09,Catarina Ferreira Da Silva
tcci/SzubaPSW11,Catarina Ferreira Da Silva
tlsdkcs/GuzunTC14,Catarina Ferreira Da Silva
jods/LeeSL05,Alexey V. Ignatenko
tcci/JhaN15,Alexey V. Ignatenko
tcos/LysenkovE13,Alexey V. Ignatenko
tcos/OhmoriK12,Yongqiang Chen
topnoc/HeeKPSW08,Yongqiang Chen
fomac/CelebicBF16,Yongqiang Chen
tcsb/KuttlerLN10,Robert Harrison
tdhms/WeirY10,Robert Harrison
tcos/ZhouFQFY17,Robert Harrison
trs/HeptingSS11,Jiaqi Pan
tcci/SzymanezykDD12,Jiaqi Pan
tcci/RawatJSR18,Jiaqi Pan
tcos/Wallgrun10,Sankar K. Pal
tedu/JiangNTLLH16,Sankar K. Pal
tcos/DattaCS18,Sankar K. Pal
tlsdkcs/BressHSBS14,Nicola Leone
tlsdkcs/CarvalhoSR15,Nicola Leone
tedu/ShaoLP09,Nicola Leone
topnoc/AalstHHSVVW09,Pablo Sánchez
tcos/TuiaKCK09,Pablo Sánchez
tedu/LiuAGH12,Pablo Sánchez
tdhms/Al-AssamASJ12,Witold Litwin
taosd/ChitchyanPRF07,Witold Litwin
tcos/MatrosovIS13,Witold Litwin
tlsdkcs/HameurlainM09,Jun Hu 0001
tedu/WangWZLX12,Jun Hu 0001
tcos/HuW09,Jun Hu 0001
tcos/ReganCG18,Simon Staffans
tlsdkcs/DimitrovSM15,Simon Staffans
tcos/PatanaSR13,Simon Staffans
trs/El-MonsefAM12,Laura Margarita Rodríguez Peralta
trs/LeJ08,Laura Margarita Rodríguez Peralta
tcos/Mura12,Laura Margarita Rodríguez Peralta
topnoc/BrogiCSW16,Remco M. Dijkman
tcos/RocheA09,Remco M. Dijkman
trs/PrasadR14,Remco M. Dijkman
tplop/Siddle11,Rita A. Ribeiro
tedu/ChelghoumWW17,Rita A. Ribeiro
tlsdkcs/GrabockaS15,Rita A. Ribeiro
tcci/NguyenS12,Filip Nalepa
tlsdkcs/LeungCJ13,Filip Nalepa
tedu/JamiesonS13,Filip Nalepa
tplop/Riehle11,Laurynas Siksnys
tcos/CardonaS14,Laurynas Siksnys
tcci/ShahamatniaMDRF16,Laurynas Siksnys
topnoc/MokhovCB16,Jessica Hartog
tedu/HungCFCTT12,Jessica Hartog
tedu/MaoLMT11,Jessica Hartog
trs/Gomolinska08,Mounir Mokhtari
tcsb/AtakanA08,Mounir Mokhtari
trs/CattaneoC09,Mounir Mokhtari
tcos/LiuS14,Loïg Jezequel
tcos/YasminS13,Loïg Jezequel
topnoc/Wester-EbbinghausK13,Loïg Jezequel
topnoc/Wester-EbbinghausMK10,Iddo Hanniel
tlsdkcs/VlachouDK12,Iddo Hanniel
tcci/ZhangZZ15,Iddo Hanniel
tedu/BirchallG13,Yan Zhao
tcos/XiaoLYZ14,Yan Zhao
tcos/LuoLCYL11,Yan Zhao
tlsdkcs/ThiD17,Sheng Liu 0002
tedu/SampaioP09,Sheng Liu 0002
tlsdkcs/Bench-CaponAW15,Sheng Liu 0002
tedu/HungCFCTT12,András Horváth
tlsdkcs/ThiCL17,András Horváth
tcos/Thapliyal16,András Horváth
tlsdkcs/ZamiteSCS11,Omar Nibouche
tlsdkcs/HartmannMV16,Omar Nibouche
tlsdkcs/AbdullahiCM16,Omar Nibouche
topnoc/BergenthumDM09,Elias Pimenidis
tlsdkcs/Fegaras18,Elias Pimenidis
topnoc/Winkowski17,Elias Pimenidis
tcsb/RemyR07,I-Ming Chen
tedu/Kutay13,I-Ming Chen
tcos/SiddavaatamS18,I-Ming Chen
tcos/SourinEGS16,Ioannis Akrotirianakis
trs/JuYDS14,Ioannis Akrotirianakis
tedu/YeZP16,Ioannis Akrotirianakis
tcci/EmaniSFG16,Qinghua Hu
tedu/KoenitzHFS13,Qinghua Hu
topnoc/BestW13,Qinghua Hu
tlsdkcs/TranNLV16,Alessia Visconti
tcci/MaioFLTTV15,Alessia Visconti
tedu/BufeK10,Alessia Visconti
tcci/TozickaJK18,Pavel Kriz
tcci/ByrskiKT17,Pavel Kriz
tcci/Nalepa11,Pavel Kriz
trs/Wojnarski08,Isabella Mastroeni
tcsb/NakhlehW05,Isabella Mastroeni
tcci/MaleszkaN12,Isabella Mastroeni
tlsdkcs/StahlMMBG15,Valery Malofeev
tcci/RodriguesDFCOC15,Valery Malofeev
topnoc/PhawadeL15,Valery Malofeev
tcos/PereiraMOA13,Yutaka Takahashi 0003
tcci/SitekW18,Yutaka Takahashi 0003
tcsb/CalderH09,Yutaka Takahashi 0003
jods/KarabatisCJLALF09,Jesús Ibáñez-Martínez
tcci/MaioFLTTV15,Jesús Ibáñez-Martínez
tplop/BallesterosKPJAC09,Jesús Ibáñez-Martínez
tlsdkcs/WildWHTG15,Montserrat Pons
tlsdkcs/IijimaKSTO16,Montserrat Pons
tcos/BazazianG15,Montserrat Pons
tlsdkcs/BohmNPWZ09,Sukhdev Roy
taosd/KienzleGM10,Sukhdev Roy
tlsdkcs/AnceaumeBG13,Sukhdev Roy
tcos/SeoKRLMK14,Alexandre Duret-Lutz
tedu/YuanLWL09,Alexandre Duret-Lutz
tlsdkcs/GaoMLHJLBZF16,Alexandre Duret-Lutz
tlsdkcs/BarahmandG16,Olli Yli-Harja
jods/RoserB08,Olli Yli-Harja
tedu/BirchallG13,Olli Yli-Harja
tlsdkcs/AfsarmaneshEMC09,Ingrid Verbauwhede
tcos/DattaSRD14,Ingrid Verbauwhede
tcos/TranSGPK14,Ingrid Verbauwhede
tcos/SametS17,Purnima Sethi
tedu/LiZD17,Purnima Sethi
tcos/HarrisonMS12,Purnima Sethi
tlsdkcs/MaamarBSRPSPBS17,Rami Qahwaji
tcci/KacprzakKTBGLR11,Rami Qahwaji
tlsdkcs/SurduGSP13,Rami Qahwaji
topnoc/KleijnK13,Shengping Zhang
tcci/CochezTE17,Shengping Zhang
tcsb/ForestieroMPS08,Shengping Zhang
tcos/SpizhevoyE13,Masaharu Isshiki
jods/LeeSL05,Masaharu Isshiki
tcos/PedersenGT18,Masaharu Isshiki
tcos/Chakraborty18,Olaf Spinczyk
tlsdkcs/TepandiLLRPPD17,Olaf Spinczyk
topnoc/BergenthumDM09,Olaf Spinczyk
tedu/LiZ11,Yongsong Qin
tedu/LiZ18,Yongsong Qin
tcci/RodriguesDFCOC15,Yongsong Qin
thipeac/HenryN11,Dalel Kanzari
thipeac/AzevedoJMTHARV11,Dalel Kanzari
topnoc/Reisig13,Dalel Kanzari
taosd/BergCH07,Petar Jovanovic 0001
tlsdkcs/ChongGKL11,Petar Jovanovic 0001
topnoc/BergenthumDHM12,Petar Jovanovic 0001
trs/Gomolinska09,Tran Van Hoai
topnoc/MansRAMB10,Tran Van Hoai
thipeac/VandeputteE11,Tran Van Hoai
tlsdkcs/BenkridBC14,Alvin Tang
tcos/MehtaDK16,Alvin Tang
tlsdkcs/GuoHPF13,Alvin Tang
thipeac/WadaHMSNSKK11,H. M. W. Verbeek
tcos/CompagnaKMS10,H. M. W. Verbeek
tlsdkcs/BasuLCVYSB16,H. M. W. Verbeek
trs/TsangZ10,Russell Martin
taosd/AraujoB07a,Russell Martin
tlsdkcs/VidalCAMP16,Russell Martin
tcos/ThapliyalJNA13,Vijaya Smitha Kolli
tlsdkcs/PrzymusK14,Vijaya Smitha Kolli
tcci/BoryczkaJ13,Vijaya Smitha Kolli
tcci/OrlowskiZOKSP16,Md. Abdul Hamid
tlsdkcs/AfsarmaneshEMC09,Md. Abdul Hamid
tcos/Fridenfalk16,Md. Abdul Hamid
topnoc/MansRAMB10,Andrew Shouldice
tcci/GladyszMR18,Andrew Shouldice
trs/StrakowskiR10,Andrew Shouldice
tcos/ToyouraAM17,Guillermo Palma
tlsdkcs/ZhaZLL15,Guillermo Palma
tedu/TragazikisM09,Guillermo Palma
tcci/DawoudSR19,Clare Stanier
trs/ZwanSKC08,Clare Stanier
thipeac/BartoliniFP11,Clare Stanier
thipeac/GolanderW09,Phu Hong Nguyen
tcos/TanS17,Phu Hong Nguyen
tlsdkcs/EndrisGLMVA18,Phu Hong Nguyen
trs/WojnaL19,Jun Shen
trs/YamaguchiMLN10,Jun Shen
taosd/NiuYGELM09,Jun Shen
tcos/PangSSCU11,Rémi Bonidal
jods/JarrarDM03,Rémi Bonidal
tcci/HoangNH14,Rémi Bonidal
tcos/BandyopadhyayRD14,Roman V. Yampolskiy
tlsdkcs/BenkridBC14,Roman V. Yampolskiy
taosd/NiuYGELM09,Roman V. Yampolskiy
tlsdkcs/Besnard17,C. A. Murthy
topnoc/SuriadiOF12,C. A. Murthy
tcos/SilomonR18,C. A. Murthy
tedu/FangLYY12,Soma Mitra
tcci/Treur19,Soma Mitra
tedu/JiangYTLZH15,Soma Mitra
tlsdkcs/TsangKD13,Radoslaw Katarzyniak
tcci/PalettaH10,Radoslaw Katarzyniak
tcos/ItoSYM14,Radoslaw Katarzyniak
taosd/MolderezJ15,Baocai Yin
tlsdkcs/BonifatiSPD14,Baocai Yin
tcos/SetterSH10,Baocai Yin
tcos/SoundrapandiyanR15,Yutaka Yanagisawa
tdhms/LiuYLW14,Yutaka Yanagisawa
tcci/JaffryT13,Yutaka Yanagisawa
tedu/Berger012,Le Thi Hoai An
topnoc/0001DJ13,Le Thi Hoai An
tcos/HoritaTATK15,Le Thi Hoai An
tlsdkcs/MohammedHS17,Hiroki Yamada
tlsdkcs/PrzymusK14,Hiroki Yamada
tcos/AlmasizadehA09,Hiroki Yamada
tedu/ZhouPLWL17,Feras Aljumah
jods/GeorgeS06,Feras Aljumah
topnoc/BonetHHT08,Feras Aljumah
tedu/Sauve09,David Taniar
tdhms/LiuYZG11,David Taniar
tcos/CardonaS14,David Taniar
tcsb/Dressler07,Klodiana Goga
tlsdkcs/AtzeniNP12,Klodiana Goga
tedu/HorvathDSS09,Klodiana Goga
tedu/SuhardiL09,Kazimierz Choros
tedu/ChenLWSW12,Kazimierz Choros
tcos/GutierrezVR14,Kazimierz Choros
tedu/SuJ15,Hassan Ugail
tcos/EisenbarthPW10,Hassan Ugail
tcos/PorubovBB10,Hassan Ugail
tcci/TozickaJDK15,Aurelio Tommasetti
tlsdkcs/ChenH13,Aurelio Tommasetti
tlsdkcs/CaoKXMTTB13,Aurelio Tommasetti
tcos/Nuangjumnong16,Zachariah Subin
trs/TrabelsiEL11,Zachariah Subin
tcci/Czarnowski11,Zachariah Subin
trs/Pal10,Debabrota Basu
tedu/ChristopoulosMAK13,Debabrota Basu
tedu/HuHZD13,Debabrota Basu
tcsb/DubrovaTT08,Zichen Chen
trs/Szczech09,Zichen Chen
taosd/KienzleAFJK10,Zichen Chen
jods/LamSPV08,Hind Rakkay
topnoc/BernardinelloKMP14,Hind Rakkay
tedu/ChenZCZ17,Hind Rakkay
tcsb/BreitlingDGH10,Martin A. Musicante
fomac/CelebicBF16,Martin A. Musicante
tlsdkcs/EderDSS09,Martin A. Musicante
tcos/IakushkinSV16,Sébastien Mosser 0001
tdhms/Vila-ForcenVKPP08,Sébastien Mosser 0001
tcos/BogdanovGGTY16,Sébastien Mosser 0001
tedu/YanFY12,Bernhard Steffen
taosd/WhittleJEMA09,Bernhard Steffen
topnoc/MontaliR17,Bernhard Steffen
jods/SaisPR09,Masato Soga
tcos/JiaWWZXLZ16,Masato Soga
trs/MarekT08,Masato Soga
jods/PerniciS03,Larry M. Manevitz
tcos/YampolskiyCRG12,Larry M. Manevitz
topnoc/EvangelistaK10,Larry M. Manevitz
fomac/HolzlG16,Stefan Haar
tcci/Choros11,Stefan Haar
tedu/PuXQHD15,Stefan Haar
thipeac/DevosBCCDS07,Chris J. Hinde
tcos/HoritaT11,Chris J. Hinde
trs/Gopaulsingh19,Chris J. Hinde
tlsdkcs/LahiriAM13,Daniel Thalmann
tcci/TomfordeKMBS18,Daniel Thalmann
trs/PolkowskiS10,Daniel Thalmann
trs/PatraN11,Juan A. Recio-García
tcci/JaffaliAJH15,Juan A. Recio-García
tlsdkcs/ZhangCLL11,Juan A. Recio-García
thipeac/MoretoCRV11,Daniel Lowd
trs/Wakulicz-DejaN08,Daniel Lowd
tcci/SaramagoARC19,Daniel Lowd
tcsb/LoeweGWMGH11,Mohamed T. Elhadi
tcci/KohanaSKO19,Mohamed T. Elhadi
trs/ZhaoWY11,Mohamed T. Elhadi
tcos/SourinSWG09,Haoyu Huang
trs/SamantaC11,Haoyu Huang
tedu/ChenLWSW12,Haoyu Huang
tcci/ChohraMK10,Jae-Kwan Kim
tcos/YenCZL10,Jae-Kwan Kim
tcci/AouichaTM18,Jae-Kwan Kim
tcci/VrdoljakBPJK10,Xuekuo Li
tedu/Garcia-MateosF09,Xuekuo Li
tlsdkcs/MansourCA18,Xuekuo Li
tcci/TabakovFAQ18,Hashir Karim Kidwai
taosd/HohensteinJ11,Hashir Karim Kidwai
tcci/ChilipireaPDPX15,Hashir Karim Kidwai
tlsdkcs/TianWJNY12,Ekwa Duala-Ekoko
trs/Zielosko15,Ekwa Duala-Ekoko
tcos/SherstyukK14,Ekwa Duala-Ekoko
tedu/HarrisonA13,Zheli Liu
tedu/ChelghoumWW17,Zheli Liu
topnoc/DongenMW09,Zheli Liu
tedu/ZhangMLYZ11,Kenta Abe
tlsdkcs/HartogDGL15,Kenta Abe
tedu/TarumiYDKITHY09,Kenta Abe
trs/TianZK11,Philippe Thiran
tedu/Dong18,Philippe Thiran
taosd/ChitchyanFKR09,Philippe Thiran
tcsb/PauleveMR11,Sonoko Moriyama
tedu/ShinozakiIN08,Sonoko Moriyama
tedu/LiWD08,Sonoko Moriyama
tcos/ChenKCW11,Derek H. Sleeman
tcos/KannanRP10,Derek H. Sleeman
tcci/KaminskiL12,Derek H. Sleeman
tedu/XiongLH11,Patrick Valduriez
tcci/HarelKMW14,Patrick Valduriez
tedu/ShenJZFL17,Patrick Valduriez
tedu/LongZGXDYZ11,Reza Akbarinia
trs/MoshkovPZ08a,Reza Akbarinia
tcci/MontazeryW18,Reza Akbarinia
tcci/WelshBSW14,Cor Meenderinck
tcci/BitontoLRR12,Cor Meenderinck
taosd/Kniesel09,Cor Meenderinck
jods/YangK03,Marcelo da Silva Hounsell
jods/LeeSL05,Marcelo da Silva Hounsell
tlsdkcs/NodarakisPSTTT16,Marcelo da Silva Hounsell
tcci/MarinheiroC18,Jue Wang 0004
tcsb/Dressler07,Jue Wang 0004
tcci/TanLZF15,Jue Wang 0004
tlsdkcs/TepandiLLRPPD17,P. S. V. S. Sai Prasad
tedu/YuanW11,P. S. V. S. Sai Prasad
tedu/CourgeonCTM11,P. S. V. S. Sai Prasad
tcci/JedrzejowiczJ11,Olga Sourina
tcos/LiuWF08,Olga Sourina
tedu/FanWCPS12,Olga Sourina
tcci/ChilipireaPDPX15,Bram J. J. van der Vlist
tcos/MajewskiBMK13,Bram J. J. van der Vlist
tlsdkcs/CraveiroAM16,Bram J. J. van der Vlist
tcci/FridHKMMS16,Nicolas Balacheff
trs/WuX13,Nicolas Balacheff
thipeac/HoogerbruggeT11,Nicolas Balacheff
topnoc/LiuL14,David Hansen
tcci/Hayashi18,David Hansen
tlsdkcs/SalamehCC19,David Hansen
tlsdkcs/BechiniG11,Arnaldo Cecchini
tcci/AdanhounmeDA12,Arnaldo Cecchini
taosd/FuentesS09,Arnaldo Cecchini
tedu/HuangH15,Patchara Sutthiwan
tcos/LiuG10,Patchara Sutthiwan
tcsb/RuedaBN08,Patchara Sutthiwan
tlsdkcs/QuimbayaRCV11,Kjetil Nørvåg
tcsb/AngiusHW12,Kjetil Nørvåg
tcos/GironFU11,Kjetil Nørvåg
tcci/MianowskaN11,Shaochun Zhong
tedu/ParkW12,Shaochun Zhong
tlsdkcs/BondiombouyKLV16,Shaochun Zhong
tlsdkcs/Liroz-GistauAPPV13,Xiao-Jun Zeng
jods/PirroRT09,Xiao-Jun Zeng
tlsdkcs/NguyenNW13,Xiao-Jun Zeng
trs/ElhadiZ08,Hannu Nurmi
tlsdkcs/AbdullahiCM16,Hannu Nurmi
tcci/BoryczkaJ13,Hannu Nurmi
tdhms/EchizenYG12,Fábio Dacêncio Pereira
tcci/YahyaaDM15,Fábio Dacêncio Pereira
tlsdkcs/SessomsA14,Fábio Dacêncio Pereira
tedu/ZhangPM10,Kishore Kumar Varadharajan Kannan
taosd/CartonDJC09,Kishore Kumar Varadharajan Kannan
thipeac/KlugOWT11,Kishore Kumar Varadharajan Kannan
tcci/LiaoWLZQ15,Shusuke Okamoto
tlsdkcs/WangZHXHG19,Shusuke Okamoto
tedu/YehHWC12,Shusuke Okamoto
topnoc/KoutnyP12,Alex E. Susu
tcos/WangYCL13,Alex E. Susu
tlsdkcs/AlghamdiR16,Alex E. Susu
trs/CiucciD14,Hui Ma 0001
tedu/KlopferO13,Hui Ma 0001
tcos/DuttaD09,Hui Ma 0001
topnoc/Lakos09,Frederic Kleinermann
tlsdkcs/ChabinAMR13,Frederic Kleinermann
tlsdkcs/AtkinsonBD12,Frederic Kleinermann
tcos/Wang09a,Baoyun Zhang
trs/ZwanSKC08,Baoyun Zhang
tedu/Yang15,Baoyun Zhang
tcci/LeeC11,Meichun Hsu
tcci/RedavidFE13,Meichun Hsu
tedu/YehHWC12,Meichun Hsu
tedu/HuangLX11,Axel Legay
tcci/DeniseR14,Axel Legay
tcos/Kalantari13,Axel Legay
taosd/MostowskiU16,Piotr Przymus
tlsdkcs/WangZHXHG19,Piotr Przymus
tcos/TranSGPK14,Piotr Przymus
tedu/ChenKCH09,Erik Van der Goot
trs/WuM11,Erik Van der Goot
tcci/Czarnowski11,Erik Van der Goot
tcos/SultanaPG16,Charu Puri
tedu/HuLS17,Charu Puri
tcos/JhaLN13,Charu Puri
tcci/NguyenS10,Beata Zielosko
tcos/RitsosGBSR13,Beata Zielosko
tlsdkcs/ScheweGIKNKKFZ15,Beata Zielosko
tcci/BakCJ13,Alfred Kobsa
topnoc/DahmaniIB08,Alfred Kobsa
tedu/WangH12,Alfred Kobsa
topnoc/RussellAH09,Cvetana Krstev
tcci/PonomarevaC14,Cvetana Krstev
tcsb/FeytmansNP05,Cvetana Krstev
topnoc/Verbeek17,Lijun Sun
tcos/BoonmaS12,Lijun Sun
tlsdkcs/AlhadadSBL15,Lijun Sun
tlsdkcs/WorksR14,Lee W. Howes
tcos/FuHI13,Lee W. Howes
trs/SamantaC08,Lee W. Howes
tcsb/CoppoDDGGT11,Harro Wimmel
jods/GiorginiMNS03,Harro Wimmel
tlsdkcs/TianWJNY12,Harro Wimmel
taosd/WhiteGS09,Kun-Te Wang
jgtools/AnjyoTL12,Kun-Te Wang
tcos/ChaurasiaVTA09,Kun-Te Wang
thipeac/AnsariLKJKW11,Stéphane Ethier
tcci/DeniseR14,Stéphane Ethier
tcci/MissaouiF15,Stéphane Ethier
tedu/AhnS09,Juan-Pablo López-Grao
topnoc/Carmona12,Juan-Pablo López-Grao
tcos/HanninenSL14,Juan-Pablo López-Grao
tcos/KolingerovaVMF18,Frédéric Champagnat
tcci/Motylska-Kuzma18,Frédéric Champagnat
tcos/El-TawilA10,Frédéric Champagnat
topnoc/Lakos09,Mingqiang Wei
tlsdkcs/BressHSBS14,Mingqiang Wei
trs/CiucciD14,Mingqiang Wei
topnoc/Valmari13,Kim Mens
tcos/DattaSRD14,Kim Mens
tcos/Rao10,Kim Mens
trs/Sikora10,Ariel Solomon
trs/YuWL11,Ariel Solomon
tedu/HuF09,Ariel Solomon
tlsdkcs/TryfonopoulosIKR14,Yi Chen
tcos/WangYW08,Yi Chen
thipeac/KluyskensE09,Yi Chen
tlsdkcs/DuongBGLSV18,Vladimir V. Rybakov
tlsdkcs/LeNTN16,Vladimir V. Rybakov
jods/JarrarDM03,Vladimir V. Rybakov
tcci/Cadegnani0IRLVA17,Giuseppe Pirrò
topnoc/HerajySH13,Giuseppe Pirrò
tcci/OommenKS16,Giuseppe Pirrò
topnoc/Westergaard12,Xiaoxi He
trs/PuzioP13,Xiaoxi He
trs/Zielosko15,Xiaoxi He
taosd/BrabrandRTWB13,Nigel W. John
tcos/HussainHS10,Nigel W. John
tlsdkcs/XieOZY16,Nigel W. John
tcci/Zakrzewska12,Yongzhong Lu
trs/SurajG08,Yongzhong Lu
tedu/TatematsuOD15,Yongzhong Lu
tcci/RedavidFE13,Yann Busnel
tcos/MostafaviBH10,Yann Busnel
tedu/PrestonM09,Yann Busnel
tlsdkcs/QuimbayaRCV11,Chuen-Jung Chang
tcos/GuoLTX14,Chuen-Jung Chang
topnoc/BillingtonY09,Chuen-Jung Chang
tedu/ErsotelosD11,Chao Wang
tcos/WangYCL13,Chao Wang
tedu/QianFZLR17,Chao Wang
tlsdkcs/AlharbiAS17,Dennis Maciuszek
jods/SimperlS07,Dennis Maciuszek
topnoc/Kindler09,Dennis Maciuszek
tedu/SmithC13,Jendrik Johannes
trs/Pancerz09,Jendrik Johannes
tcci/Piech12,Jendrik Johannes
trs/Revett08,Marie-Christine Rousset
tcos/TcholtchevS14,Marie-Christine Rousset
taosd/HeidenreichSSZAAFKMR10,Marie-Christine Rousset
tlsdkcs/AnHHT14,Tapio Niemi
topnoc/ReichertRD09,Tapio Niemi
thipeac/VandeputteE11,Tapio Niemi
thipeac/WuYWHRGZ11,Anne Warner
thipeac/PlishkerSKB11,Anne Warner
tlsdkcs/DashdorjS16,Anne Warner
tcos/CortesiFHZ18,Valeria De Antonellis
tedu/HuHZD13,Valeria De Antonellis
tcos/DuttaD09,Valeria De Antonellis
tedu/Koppe13,Sabin Kafle
tcos/SarkarMSS18,Sabin Kafle
jods/NiinimakiN09,Sabin Kafle
topnoc/MascheroniF12,Yue Liu
tlsdkcs/MargarisV18,Yue Liu
tcos/ElbazCGLPT09,Yue Liu
tcos/LindskogB09,Richard Khoury
topnoc/ChesaniLMMRS09,Richard Khoury
tedu/LiZ18,Richard Khoury
tlsdkcs/Quang-HungST16,Marzena Kryszkiewicz
tcos/Chakraborty18,Marzena Kryszkiewicz
tcci/AnT10,Marzena Kryszkiewicz
tcci/Sus17,Michitaka Hirose
tcci/LihuHL13,Michitaka Hirose
tcci/LongoDB10,Michitaka Hirose
tplop/Siddle11,Sascha Zmudzinski
topnoc/BillingtonVG09,Sascha Zmudzinski
tedu/ParkW12,Sascha Zmudzinski
tcci/WalFRMB17,Diego Calvanese
tedu/ChenQ12,Diego Calvanese
topnoc/Klai15,Diego Calvanese
tedu/WangZP16,Matthias Urban
jgtools/SchretterKD12,Matthias Urban
tedu/XieZWZ15,Matthias Urban
tlsdkcs/RaniKH17,José Ghislain Quenum
tedu/DangCA13,José Ghislain Quenum
tedu/KwakNVHF11,José Ghislain Quenum
tcos/RoyB18,Marwan Almaymoni
tedu/WangCLZ15,Marwan Almaymoni
thipeac/KoteraAETK11,Marwan Almaymoni
tcos/LiuG10,Alexandra Poulovassilis
tlsdkcs/CarvalhoSR15,Alexandra Poulovassilis
tedu/Koppe13,Alexandra Poulovassilis
tlsdkcs/BouraouiCB11,Sven Lachmund
tlsdkcs/PhandR16,Sven Lachmund
tedu/Paiva08,Sven Lachmund
tlsdkcs/Quang-HungTS14,Md. Shariful Islam
tedu/YeZP16,Md. Shariful Islam
tedu/GuerraSF13,Md. Shariful Islam
tcos/RoyB18,Roman Jaksik
jods/PapastefanatosVSV09,Roman Jaksik
tcci/FreixasP17,Roman Jaksik
tcci/Dunin-KepliczS13,Nermin Samet
tcos/LiuSSSCI18,Nermin Samet
tdhms/WeirY10,Nermin Samet
tedu/Moreno-GerBCSF08,Sihem Amer-Yahia
tcos/YildirimU16,Sihem Amer-Yahia
tcos/Veenhuis10,Sihem Amer-Yahia
jods/MorkSRKW08,Pascual Castelló
thipeac/WelcS11,Pascual Castelló
tcos/DickersonGDZ11,Pascual Castelló
tcci/BosseT11,Samik Ghosh
tedu/HeZ11,Samik Ghosh
fomac/Tripakis16,Samik Ghosh
tplop/HentrichZ09,Chaowen Guan
topnoc/BonetHHT08,Chaowen Guan
tcos/MuleyG19,Chaowen Guan
tlsdkcs/HuangKD15,Saurav Acharya
topnoc/PuhlmannW09,Saurav Acharya
tcos/SamihWMKS14,Saurav Acharya
tcci/ZacharaMP13,Andrzej Polanski
tcos/Bezdek13,Andrzej Polanski
tcci/GarbaGR13,Andrzej Polanski
tlsdkcs/Quang-HungST16,Joel Ribeiro
tdhms/WeirY10a,Joel Ribeiro
tlsdkcs/SaririSKAG16,Joel Ribeiro
tedu/AsaiKMB10,Qiangfeng Zhang
tedu/ChenLWSW12,Qiangfeng Zhang
taosd/HeidenreichHJZ09,Qiangfeng Zhang
tcos/TerleckiW08,Akihiro Hashikura
tedu/WangH12,Akihiro Hashikura
thipeac/WelcS11,Akihiro Hashikura
jods/CleveMH11,Nabila Berkani
tcci/Begier11,Nabila Berkani
tcci/Otamendi13,Nabila Berkani
tcos/NavratS13,Hirofumi Nakano
tedu/Wang18,Hirofumi Nakano
tcci/MinhT14,Hirofumi Nakano
trs/SurajG08,Herman Lam
tcos/BiasiKK11,Herman Lam
tedu/MaoLMT11,Herman Lam
tcci/BriataF17,Hai-Dang Pham
tcos/SetterSH10,Hai-Dang Pham
tedu/Walton13,Hai-Dang Pham
tedu/TangSYG11,Ying Daisy Zhuo
topnoc/DedovaP13,Ying Daisy Zhuo
tcos/SethiR14,Ying Daisy Zhuo
tedu/LinWAS12,Francesco Longo 0001
taosd/FilhoAB16,Francesco Longo 0001
tlsdkcs/CiglicEK16,Francesco Longo 0001
tcos/Cattani09,Gabi Diercks-O'Brien
tedu/XiaoAC13,Gabi Diercks-O'Brien
topnoc/HeeSW13,Gabi Diercks-O'Brien
tcci/Neri12,Sergio Vargas
tcos/BalliuM10,Sergio Vargas
thipeac/BuytaertVEB07,Sergio Vargas
tlsdkcs/HameurlainM09,Dan Halperin
tcos/YangD11,Dan Halperin
tcci/MianowskaN11,Dan Halperin
tcos/ThapliyalAS09,Zbigniew Suraj
tedu/Wang18,Zbigniew Suraj
tcos/SarkarMSS18,Zbigniew Suraj
taosd/LiuGC07,David Levy
tedu/ZhaoW11,David Levy
tcos/HonidenHSW10,David Levy
taosd/beeckDLJ13,Alessandra Scafuro
tdhms/LiuT09,Alessandra Scafuro
tcci/MicheliF18,Alessandra Scafuro
jgtools/SeoA12,J. N. Venkatesh
taosd/Kniesel09,J. N. Venkatesh
thipeac/JahreN11,J. N. Venkatesh
tcci/BertiniBGGPS18,Matti van Engelen
tplop/MahoneyE09,Matti van Engelen
tcos/RiffMN10,Matti van Engelen
tlsdkcs/BaFD16,Barbara Pernici
tlsdkcs/XuHLP13,Barbara Pernici
thipeac/LinC11,Barbara Pernici
tcsb/ZhangCS05,Marcelo Cintra
trs/Ramanna10,Marcelo Cintra
tcci/ZhangZZ15,Marcelo Cintra
tedu/LiWD08,Jaroslaw Was
tcsb/HeinerLGM09,Jaroslaw Was
tlsdkcs/TalebET13,Jaroslaw Was
tedu/CaiY10,Laurent d'Orazio
trs/GrecoMS10,Laurent d'Orazio
tcci/MereloLFGCCRMGTCC16,Laurent d'Orazio
trs/KobylinskiW11,Jérôme Euzenat
taosd/ChitchyanFKR09,Jérôme Euzenat
tcos/WeygaertVEJPPHEKBHFHECT11,Jérôme Euzenat
tcos/Yanagisawa09,Md Wasiur Rahman
topnoc/Brabrand08,Md Wasiur Rahman
thipeac/HoogerbruggeT11,Md Wasiur Rahman
tcos/Vathy-FogarassyKA08,Wilke Havinga
taosd/KouraiHC09,Wilke Havinga
tlsdkcs/NgD10,Wilke Havinga
tcsb/BlinFRV05,Jing Wang
tedu/NaBW08,Jing Wang
tcos/Wang13,Jing Wang
taosd/McNeileR10,Yihua Ding
thipeac/WuYWHRGZ11,Yihua Ding
tcsb/SaffreyMHVYFBW07,Yihua Ding
tcos/GanesanESV13,Stefano Marrone
tcci/RekabsazBLH17,Stefano Marrone
tcos/SahinUGU12,Stefano Marrone
tedu/XieZWZ15,Günther Hölbling
tcos/YampolskiyCRG12,Günther Hölbling
tcci/OrlowskiZOKSP16d,Günther Hölbling
tlsdkcs/Iam-onB13,Vít Sisler
tedu/BirchallG13,Vít Sisler
tlsdkcs/NodarakisPSTTT16,Vít Sisler
jods/GiorginiMNS03,Stefano Ghignone
trs/PolkowskiA08,Stefano Ghignone
trs/Wolski08,Stefano Ghignone
thipeac/AzevedoJMTHARV11,María Teresa Linaza
tcos/FuWYWZZ16,María Teresa Linaza
tcsb/BarbutiMMTT08,María Teresa Linaza
jods/PinetS09,Isabel Torre
tedu/NeyGBSB10,Isabel Torre
tcci/HofstedeJV10,Isabel Torre
tcos/Veenhuis13,Hideki Todo
tcos/SahinUGU12,Hideki Todo
tcos/SametS17,Hideki Todo
tlsdkcs/TryfonopoulosIKR14,Vladimir Alexiev
thipeac/BlumrichSG11,Vladimir Alexiev
tlsdkcs/SakkaD12,Vladimir Alexiev
jods/PerniciS03,Haoxiang Tan
tedu/KarimGMBB11,Haoxiang Tan
tcci/XuNTS15,Haoxiang Tan
tlsdkcs/EderDSS09,Matthias A. Blumrich
tcsb/CalderH09,Matthias A. Blumrich
tlsdkcs/RoncancioVLS09,Matthias A. Blumrich
jgtools/ChampagnatS12,Qin Zhang 0009
tedu/ZengMYSZ15,Qin Zhang 0009
taosd/MolderezJ15,Qin Zhang 0009
tcci/KhelifaBA18,Giorgio Terracina
trs/Grzymala-Busse10,Giorgio Terracina
jods/BorgidaS03,Giorgio Terracina
jgtools/Pobegailo13,Bedir Tekinerdogan
tcos/SametSB16,Bedir Tekinerdogan
tedu/ShaoZMX11,Bedir Tekinerdogan
trs/StrakowskiR08,Jan Oliver Wallgrün
thipeac/MoretoCRV11,Jan Oliver Wallgrün
jods/SaisPR09,Jan Oliver Wallgrün
tcos/SoundrapandiyanR15,Ruchuan Wang
tcos/SahaKMG13,Ruchuan Wang
topnoc/AalstHHSVVW09,Ruchuan Wang
tdhms/ChaK10,Hui Liu 0008
trs/Grzymala-BusseR10,Hui Liu 0008
tcos/Dailyudenko08,Hui Liu 0008
thipeac/MahoneySBP09,Christos-Nikolaos Anagnostopoulos
tedu/Shen15,Christos-Nikolaos Anagnostopoulos
trs/Ramanna10,Christos-Nikolaos Anagnostopoulos
tcci/SchiendorferASR15,Zahra Sayed
tdhms/YangJK11,Zahra Sayed
tedu/CheWG16,Zahra Sayed
tlsdkcs/JaikarN16,Minh Khoa Nguyen
jods/HerschelHBC06,Minh Khoa Nguyen
tcci/ChohraBM13,Minh Khoa Nguyen
tlsdkcs/XieOZY16,Theodor Lettmann
tlsdkcs/GuoHPF13,Theodor Lettmann
jods/CleveMH11,Theodor Lettmann
jods/MorkSRKW08,Cem Safak Sahin
trs/Wolski09,Cem Safak Sahin
taosd/WhittleJEMA09,Cem Safak Sahin
tedu/ZhengG18,Yuting Wang
tdhms/ItoK10,Yuting Wang
tcsb/PedersenP10,Yuting Wang
topnoc/BergenthumS15,Zhengbiao Guo
tcos/Dailyudenko08,Zhengbiao Guo
tcos/PerumallaY14,Zhengbiao Guo
topnoc/DeselE16,Rosa Meo
tlsdkcs/TsangKD13,Rosa Meo
thipeac/PinterW07,Rosa Meo
tcci/GavalecN18,Panos Vassiliadis
tcsb/CiocchettaDHH10,Panos Vassiliadis
tedu/ZhaoD15,Panos Vassiliadis
tlsdkcs/ChenH15,David de Juan
tlsdkcs/Liroz-GistauAPPV13,David de Juan
trs/YamaguchiMLN10,David de Juan
tlsdkcs/BadrV15,Luca Bernardinello
tedu/StaffansWHS09,Luca Bernardinello
tlsdkcs/Kellou-MenouerK16,Luca Bernardinello
tcos/UteshevY16,Son Thanh Cao
topnoc/Wolf16,Son Thanh Cao
trs/WangZHYHHSLSASCLQZXMMWWD08,Son Thanh Cao
tedu/NieYJ17,Jan M. Van Campenhout
tlsdkcs/YoshimuraASBR16,Jan M. Van Campenhout
trs/TsangZ10,Jan M. Van Campenhout
taosd/MostowskiU16,Rui Wang
trs/MichalakS08,Rui Wang
tlsdkcs/KombiLLRB19,Rui Wang
trs/Janicki11,Gopala Krishnan
tedu/HuangC12,Gopala Krishnan
taosd/SilvaVM14,Gopala Krishnan
tcci/WangMMZ15,Ching-Nung Yang
tedu/NingXZL11,Ching-Nung Yang
tcos/HeWF13,Ching-Nung Yang
tcci/GhiormezPPP18,Carsten Trinitis
trs/CattaneoC09,Carsten Trinitis
trs/SunMZ10,Carsten Trinitis
jgtools/VoSSP12,Martin Pyka
tcci/JedrzejowiczJ11,Martin Pyka
thipeac/SonK07,Martin Pyka
trs/Henry12,Simon Chun-Ho Yu
tcci/MissaouiF15,Simon Chun-Ho Yu
topnoc/AalstSW13,Simon Chun-Ho Yu
tcos/MorozovGFS13,Myra Spiliopoulou
tedu/ShaoLP09,Myra Spiliopoulou
tcci/Leon18,Myra Spiliopoulou
tedu/Ratzka13,Gianluigi Zavattaro
topnoc/Carmona12,Gianluigi Zavattaro
tedu/GuP18,Gianluigi Zavattaro
tcos/JovanovicSO09,Alfred Chen
tcsb/Roux-RouquieS05,Alfred Chen
tlsdkcs/RamampiaroL11,Alfred Chen
thipeac/BeiuMKM11,Shane Ryoo
topnoc/Kindler12,Shane Ryoo
tlsdkcs/TranNLV16,Shane Ryoo
tlsdkcs/GerlBKB18,Eric Verbeek 0001
tlsdkcs/LeitaoVA09,Eric Verbeek 0001
tedu/LiuFCTYC12,Eric Verbeek 0001
tlsdkcs/PhamKMAJVL18,Yun Sun
tcci/Motylska-Kuzma18,Yun Sun
tlsdkcs/LahiriAM13,Yun Sun
taosd/DisenfeldK16,Daniel Neagu
tcos/BogdanovGGTY16,Daniel Neagu
tcci/HuangC11,Daniel Neagu
tedu/MaWD17,César Rodríguez
tedu/ChenPZ12,César Rodríguez
thipeac/VandeputteE11,César Rodríguez
tlsdkcs/YoshimuraASBR16,Mihir Kumar Chakraborty
tcci/GladyszP17,Mihir Kumar Chakraborty
jods/ChungM05,Mihir Kumar Chakraborty
tcos/SepulvedaPSC10,Chuan Zhu
tcos/ElbazCGLPT09,Chuan Zhu
tedu/PanZ11,Chuan Zhu
tcos/MilesWLTR16,Kemele M. Endris
trs/KobylinskiW11,Kemele M. Endris
taosd/CartonDJC09,Kemele M. Endris
tedu/MerabtiRSDMP08,Zhuopeng Zhang
tedu/JesusRC11,Zhuopeng Zhang
tedu/PanZG18,Zhuopeng Zhang
tcci/WalFRMB17,Nicola Santoro
tcsb/GhoshGBD07,Nicola Santoro
tcsb/GoldsteinW11,Nicola Santoro
tcsb/JohnLNU10,Helen Varley Jamieson
tdhms/LiuC15,Helen Varley Jamieson
jgtools/NunesVRFT12,Helen Varley Jamieson
topnoc/PhawadeL15,Cezary Orlowski
tplop/KolfschotenBL11,Cezary Orlowski
tcos/KimCKS13,Cezary Orlowski
tlsdkcs/HanCJ12a,Chengqi Zhang
taosd/MolderezJ15,Chengqi Zhang
tlsdkcs/Besnard17,Chengqi Zhang
tcos/Croitoru09,Yang Zhang
tcos/BessonovV10,Yang Zhang
tcci/YahyaaDM15,Yang Zhang
tcos/HaoZ09,Qiaoming Pan
tcos/El-Tawil08,Qiaoming Pan
topnoc/Mendling09,Qiaoming Pan
tedu/Chiang12,Peiqi Chai
trs/Grzymala-BusseR08,Peiqi Chai
tcci/WangMYW15,Peiqi Chai
tedu/ShiCC12,Joshua Amavi
tcos/Balint-KurtiBGGHNS10,Joshua Amavi
tcos/YildirimU16,Joshua Amavi
tcsb/BreitlingDGH10,Yanxiao Bao
topnoc/HoussayePD17,Yanxiao Bao
tedu/KhineS08,Yanxiao Bao
trs/SahaMP10,Nguyen Quang Thuan
trs/HenryS14,Nguyen Quang Thuan
jods/Mawlood-YunisWS11,Nguyen Quang Thuan
tcci/BuratoC12,Guy Bois
tedu/KrugerD13,Guy Bois
taosd/NinoMCC09,Guy Bois
trs/YuH19,Michal Knapik
tedu/HanW10,Michal Knapik
tcci/OrlowskiZOKSP16c,Michal Knapik
tcos/KirillovMK13,Lieven Eeckhout
topnoc/KnapikSP10,Lieven Eeckhout
tcci/NagataTK13,Lieven Eeckhout
tedu/SongSHP16,Frédéric Flouvat
tlsdkcs/AttardOA16,Frédéric Flouvat
tcci/BarbuchaCJRW10,Frédéric Flouvat
tedu/HodhodCK11,Francisco Fernández de Vega
tcos/BogdanovGGTY16,Francisco Fernández de Vega
topnoc/MietznerKL09,Francisco Fernández de Vega
tdhms/CaoK12,Dong Wei
tlsdkcs/MontoyaISMV14,Dong Wei
tcsb/DanosFFHK09,Dong Wei
taosd/ChitchyanPRF07,Jinhui Huang
tcos/GanesanESV13,Jinhui Huang
tcos/SourinEGS16,Jinhui Huang
tcos/Phan12,Jan Paredaens
topnoc/LiuL14,Jan Paredaens
trs/Pancerz15,Jan Paredaens
tlsdkcs/GerlBKB18,Mohammad R. Raeesi N.
tedu/ShaoZMX11,Mohammad R. Raeesi N.
tlsdkcs/GuoHPF13,Mohammad R. Raeesi N.
tcos/Nuangjumnong16,Jukka Riekki
trs/Henry12,Jukka Riekki
tcos/HouLLLSMW16,Jukka Riekki
tedu/VosinakisKZ13,Drago Zagar
tedu/RiekkiCHSK13,Drago Zagar
tcsb/SaffreyMHVYFBW07,Drago Zagar
tlsdkcs/IijimaKSTO16,Lucien Vincent
tcos/EisenbarthPW10,Lucien Vincent
tcci/KubalikAZB16,Lucien Vincent
tcos/FanLZ11,Vinod Kumar Agrawal
tcos/KotiyalTR14,Vinod Kumar Agrawal
taosd/HeidenreichSSZAAFKMR10,Vinod Kumar Agrawal
thipeac/LatorreMGCG11,Mourad Hakem
taosd/TigliLRFHAVR12,Mourad Hakem
tedu/LongZGXDYZ11,Mourad Hakem
tlsdkcs/NovakZ16,Zheng He
jods/BrownP09,Zheng He
tedu/QiuXZ15,Zheng He
tdhms/Venturini08,Stratos Idreos
thipeac/CopeCLH11,Stratos Idreos
tcos/KimCKS13,Stratos Idreos
tlsdkcs/FernandesHP17,Pierre Kelsen
tcos/CattaniS09,Pierre Kelsen
tedu/SzilasAR12,Pierre Kelsen
tcsb/AmanC09,Xiaoyan Li
tedu/Zhong18,Xiaoyan Li
tcci/PhamCT14,Xiaoyan Li
tedu/ZhangW11,Devis Bianchini
thipeac/CanedoAS09,Devis Bianchini
tcsb/LarcherPR10,Devis Bianchini
tlsdkcs/GraefeK10,Anthony Cleve
tcos/FranzoniG09,Anthony Cleve
tlsdkcs/DuchateauB16,Anthony Cleve
topnoc/Wester-EbbinghausMK10,Thomas Cerqueus
tcos/DattaCS18,Thomas Cerqueus
tlsdkcs/Besnard17,Thomas Cerqueus
tlsdkcs/AlghamdiR16,Piotr Lasek
tcos/ReganCG18,Piotr Lasek
topnoc/RadhouaniILR15,Piotr Lasek
tcci/LihuHL13,Marta Varela-Rey
thipeac/Stenstrom07,Marta Varela-Rey
tcos/NielsenN11,Marta Varela-Rey
tedu/HuangLX11,Xiaohu Tang
tedu/AhnS09,Xiaohu Tang
trs/MalyszkoS11,Xiaohu Tang
trs/OrlowskaR08,Jonathan C. Roberts
tcci/KacprzykNZ17,Jonathan C. Roberts
topnoc/BergenthumDM09,Jonathan C. Roberts
tcsb/ZhangCS05,Liming Cai
tcos/PolasekU13,Liming Cai
tcos/YenCZL10,Liming Cai
tedu/ShaoLP09,Corinna Jödicke
topnoc/BaldanCGS13,Corinna Jödicke
trs/StrakowskiR10,Corinna Jödicke
tlsdkcs/RautenbergSHW11,Manuel Kolp
thipeac/RyooURKFH07,Manuel Kolp
tlsdkcs/ThiD17,Manuel Kolp
tedu/MarchiMFLC10,Mohaddeseh Danesh
tcci/CottaLVOMCCR16,Mohaddeseh Danesh
tedu/ZengWNML12,Mohaddeseh Danesh
topnoc/SimonsenKK16,Shinhyun Ahn
trs/Kundu15,Shinhyun Ahn
tcos/SourinEGS16,Shinhyun Ahn
tedu/CourgeonCTM11,Tosiyasu L. Kunii
tcos/TilmanneD12,Tosiyasu L. Kunii
tedu/ZhangP12,Tosiyasu L. Kunii
tcos/TianWH09,Suyun Zhao
jods/BanerjeeD09,Suyun Zhao
trs/Wolski09,Suyun Zhao
tlsdkcs/JaikarN16,Johnrob Y. Bantang
tcos/AntonMG09,Johnrob Y. Bantang
tcci/BelhajjameGHY17,Johnrob Y. Bantang
tlsdkcs/CarvalhoFGP16,Isha Arkatkar
trs/Janusz14,Isha Arkatkar
tedu/Wechselberger09,Isha Arkatkar
jgtools/Tarini12,Addison Gronquist
tcci/Sosnowska17,Addison Gronquist
thipeac/FursinCOT07,Addison Gronquist
